Date,HBH_Loc,Target_Name,Interaction_Type,Third_Party,Context_Snippet
1865.5.1,安徽/金华,狄平子,见面,,1933年5月1日《金钢钻报》刊陆丹林一则《顶湖感旧琐录》，再黄宾虹题画师二首，其中后者题《吊梦图》似少人提及，全文附录如下，以供参考。 顶湖感旧琐录（陆丹林）   歙县黄宾虹，六法八法，久已驰名艺坛，诗文夙有根厎，著述綦富。海上老画师，三绝皆能者，唯君与狄平子耳，馀则未之见也。近游西蜀，迭寄川中名胜画册，饱我眼福，不啻身历其境。曩题《感旧图》云： 隔断仙缘结墨缘，强将炼石补情天。 分明哀乐中年事
1865.9.14,安徽/金华,黄節,见面,,“中國文藝復興”觀念的形成和發展是現代藝術思想史上最重要、影響最深遠的命題之一。（1）鄧實（1877-1951）、黄賓虹（1856-1955）之 間長達四十四年的友誼，對研究這一命題，具有劃時代的意義。這段源自1907年的交往，在黄賓虹心中燃起一盞明燈，點亮了他前行的道路。不久他移居滬濱， 和鄧實、黄節（1873-1935）等國學保存會創建人共襄“古學復興”的大業，全力協辦神州國光社，出版古典美術
1865.8.26,安徽/金华,黄節,见面,,值 得注意的是，“亞洲古學復興”作為時代的口號，受到當時日本大國崛起的激勵，以此為範，使國人浮想翩翩。其中，黄節1905年的《國粹學報》序，論點尤為 精準： 昔者歐洲十字軍東征，弛貴族之權，削封建之制，載吾東方之文物以歸，於時義大利文學復興，達泰氏以國文著述，而歐洲教育遂進文明。 昔者日本維新，歸藩復幕，舉國風靡，於時歐化主義，浩浩滔天，三宅雄次郎、志賀重昂等，撰雜誌，倡國粹保全，而日本主義，卒以
1865.10.10,安徽/金华,胡韞玉,见面,柳亚子 / 李叔同,義 之考察，顯示出該物就是制度性結構的成果” 。（35）前文提到，和鄧實（36）發起《美術叢書》出版議項的不是黄賓虹。他是黄的摯友胡韞玉(1878-1947)，（37）其辛亥正月引言指出： “西方哲士，設有美術專科，而東土士夫，不少賞鑒鉅子。”（38）借用駢體修辭，他進而展開中國話語：“獨是時代遞嬗，宗派分歧：墨客騷人，爭奇鬥巧；技 師藝士，踵事增華。 書別方圓，畫分南北。大抵厚重莊嚴，法西京之態
1865.8.26,安徽/金华,蔡守,见面,柳亚子 / 李叔同,"果 不其然，七年後，法國漢學家皮埃爾·道丁(Pierre Daudin)翻譯了《古璽概論》，刊於他在越南西貢出版的《中國和安南的印章》( Sigillographie Sine-Annamite, Saigon: Imprimerie de l'Union, 1937)一書的篇首。儘管現有文獻尚未證明黄賓虹是否參與或知曉這項譯介工作，但歐美的漢學界對《古璽概論》及其法譯本的評價甚高，堪稱兩個第一："
1865.5.4,安徽/金华,傅雷,见面,,鄧實在1902到1911年之間的十年中，對中國近代思想文化做出 了突出的貢獻。他 的興趣從政藝轉到美術，是因為中國政治發生的變化日新月異，民族主義從反滿清帝制演變到反封建文化，政治革命在辛亥以後轉為文化運動。其中，鄧實有關自治 與實 業興邦的思想，時常體現在黄賓虹以“片石”為筆名的時評中。如1912年5月4日《神州月旦》云：“美華盛頓之既合聯邦也，興文教，偃武功，汲汲以實業為 要務，不數十年而富冠
1865.9.23,安徽/金华,傅雷,书信,,5、見 《傅雷書簡》，北京：三聯書店出版社，2001年，頁159，1951年9月23日致黄賓虹信：“昨得國光印書局電話，謂鄧秋老已於本月十四日謝世，囑為 轉達左右。老成凋謝，良可悼念。” 6、《夏承燾集·天風閣學詞日記》，杭州：浙江古籍、浙江教育出版社，1998 年，1951年1月15日條。
1865.12.11,安徽/金华,黄節,书信,,前 所學 的古文學，改學今文學，成為常州學派的重要代表人物； 四、簡朝亮(1851-1933)畢生治學不出乃師範疇，與康有為大為不同。其門下鄧實、黄節日後力倡排滿，似與簡有關，據桑兵考證簡氏曾批評翁同龢 (1830-1904)在戊戌變法期間不能養死士以壯聲勢（很可惜桑兵《庚子勤王》一書對此沒有注明出處）。鄧實等人之提倡國粹以排滿，與遜清遺老所提之 保存國粹，其意旨迥異。然則當日奉衣帶詔的梁啟超就有
1865.12.20,安徽/金华,胡韞玉,见面,,19、 據王中秀先生2012年12月20日函告：“柳亞子說，不知出了什麼問題，鄧實沒有進南社。廣州貞社分社也沒有鄧的名字。” 後文涉及胡韞玉因與鄧實不和，退出編纂《美術叢刊》一事，不知與他們對待南社的態度是否有關？待考。 20、 參見王中秀先生2010年1月24、25日致筆者函，其中他注意到：“古學復興含蘊着兩重面似相似而實質上全然不同的解讀。一是固守，並排斥世界文藝新思 潮，一是復古而不泥古，直
1865.12.20,安徽/金华,傅雷,见面,,20、 參見王中秀先生2010年1月24、25日致筆者函，其中他注意到：“古學復興含蘊着兩重面似相似而實質上全然不同的解讀。一是固守，並排斥世界文藝新思 潮，一是復古而不泥古，直接世界文藝新潮。後者跳躍了文學革命的環節。……賓老走的正是這條路，而傅雷看重賓老的也在此。相比之下，徐悲鴻們就淺顯得可憐 了。”“就中國畫而言，究竟是徐悲鴻、高劍父們代表新文化呢？還是賓老、齊白石、林風眠（他們都是傅雷推崇
1865.2.23,安徽/金华,黄節,书信,,"31、而鄧實在“古學復興論”文中則對指定東方為亞剌伯，未包括中國：“十字軍東征，入亞剌伯，獲其圖書而還（當歐洲文學墜地之時，亞剌伯人以國語譯亞理士 多德之科學，加靈之醫書，及希臘學者之天文學等書，以行于國中。故希臘學術之不致中絕者，實賴亞剌伯一線之延）於是歐人始知為考古之學。”黄節在此頗類似 後來巴勒斯坦裔美籍文化學者愛德華·薩義德( Edward Said, 1935-2003 ) 的“東方主義"
1865.2.23,安徽/金华,黄節,书信,,"32、 參見朱萬章，《黄賓虹、陳樹人等《蒹葭圖》册考釋——兼論黄節與諸家之關係》，收入其《嶺南近代畫史叢稿》，廣州：廣東教育出版社, 2008年，頁50-68。 33、 有關《時報》在晚清文化改良中的重要作用，參見[美]季家珍 (Joan Judge), Print and politics: 'Shibao' and the culture of reform in late Qing Chin"
1865.12.20,安徽/金华,胡韞玉,书信,,37、胡韞玉，字樸安，安徽涇縣人。著名報人、“南社”成員，文字訓詁學家。與黄賓虹交遊近四十年。据胡選錄《南社叢選》（上海: 國學社， 1936年）文選卷十“濱虹文選”1924年序：“深於金石書畫之學，余與同事於《國粹學報》，朝夕談心，獲益頗巨。” 38、這與鄧實序略的認識相通：“古人學術原貴分科，歐美學風亦重專門，蓋學以分而始精，書以類而易別。”
1865.12.20,安徽/金华,胡韞玉,寄赠,,39、 承蔡濤兄寄示胡韞玉引及《美術叢書》宣統三年（1911年）初版書影，曾四凱博士寄示民國九年（1920年）版書影，在此鳴謝。 40、 目前尚不清楚胡韞玉與鄧實分手的原因，據鄭逸梅《樸學大師胡樸安》：“《美術叢書》為一巨著，初為線裝本，分若干集，後改為精裝本二十册，配一木櫃，甚為美觀。那是鄧秋枚所創的神州國光社出版。第一集即樸安所編，第二、三集，秋枚自編，四集以後，始由黄賓虹編。又《國粹學報》，
1865.4.11,安徽/金华,胡韞玉,书信,,40、 目前尚不清楚胡韞玉與鄧實分手的原因，據鄭逸梅《樸學大師胡樸安》：“《美術叢書》為一巨著，初為線裝本，分若干集，後改為精裝本二十册，配一木櫃，甚為美觀。那是鄧秋枚所創的神州國光社出版。第一集即樸安所編，第二、三集，秋枚自編，四集以後，始由黄賓虹編。又《國粹學報》，也是秋枚所創辦，復出《國粹叢書》，樸安撰《吾炙集小傳》，收入其中，末附秋枚一跋，却有‘與胡生韞玉同輯小傳’云云，樸安大不以為然，謂
1865.4.11,安徽/金华,胡韞玉,见面,,41、余紹宋（1882-1949）《書畫書錄解題》和國內圖書界對《美術叢書》的著錄，均未注意胡的重要作用。除王中秀外，現有各種《黄賓虹年譜》的編 纂者，大都如此，不一一列出。陳池瑜 《黄賓虹對中國美術史學研究的貢獻》一文中，有 “初版，只有鄧實寫的“序”和胡韞玉“引”，無黄賓虹序。因此，一般認為是鄧實編”云云（《美術研究》，2005年第1期，頁53），含糊其辭。王琳的碩 士論文則對胡隻字未提。而小
1865.4.16,安徽/金华,黄節,见面,,45、 潘飛聲，廣東番禺人。1909年赴京代同鄉沈宗畸（1865-1926）主編《國學萃編》。離穗前，伍德彝（1864-1927）繪《荔支灣送別圖》（香 港中文大學文物館藏）相贈，後有黄節三月題詩。出廣州，道經香港，九月抵滬，黄賓虹與鄧實等邀飲秦雲樓，潘氏出《送別圖》卷請為題跋。黄賓虹題云：“…… 蘭史詞丈先生將有北行，出紙屬題，率成里句，聊以贈之，即希哂正。潭上質拜稿。”而潘則答以《黄濱虹招飲市
1865.4.16,安徽/金华,潘飛聲,书信,,46、 參見我的論文，《藝術鑒賞收藏與近代中外文化交流史：以居廉、伍德彝筆<潘飛聲獨立山人圖>為例》，《故宮博物院院刊》，2010年第2期， 頁1-12。 47、鄧實題《荔支灣送別圖》有“少日曾為天外客，詩成人喚酒中仙”句，點出潘飛聲早年赴歐的閱歷。潘著有《天外歸槎錄》二卷，光緒甲午（1894）三月 刻 於棲柵老屋，黄士陵篆書署檢。為光緒十六年庚寅（1890）七月十日從伯林歸國的日記，同行有滿洲教
1865.4.16,安徽/金华,潘飛聲,书信,,47、鄧實題《荔支灣送別圖》有“少日曾為天外客，詩成人喚酒中仙”句，點出潘飛聲早年赴歐的閱歷。潘著有《天外歸槎錄》二卷，光緒甲午（1894）三月 刻 於棲柵老屋，黄士陵篆書署檢。為光緒十六年庚寅（1890）七月十日從伯林歸國的日記，同行有滿洲教習桂林和日本教習井上哲，沿途觀光、賦詩吟詠，八月二 十三日抵香港，三人贈詩惜別。井上哲《次韻留別蘭史》有“同歸還惜別，重見豈無緣”句，順德邱誥桐稱此遊記，“
1865.10.20,安徽/金华,傅雷,书信,,56、《黄賓虹文集·書信編》，頁207，1943年10月20日，與傅雷（1908-1966）書：“鄧秋枚體弱，每日下午三時至四時，惟收藏古書畫之 友得見 之，過此即度+攵門，此前二十年即如此。” 57、 本編1923年條，《賓虹畫語》，頁？？？-？？？。
1865.10.20,安徽/金华,胡韞玉,书信,,61、 同上，“這個顯著變化被稱作‘國畫復活的運動’。這個概念最初由胡懷琛（1886-1938）在1933年《上海學藝概要》（上海市通志館期刊第1卷第4 期）裏提出來的。西洋畫壇的變化和國畫的復活，無疑給處於困惑中的譜主進行中國畫學思考提供了不可多得的機遇、希望與信念。”胡懷琛 （1886-1938），胡韞玉之弟、文化史學者。 62、 有關研究，有2011年1月2日我和王中秀先生在首屆杭州書畫三年
1865.5.1,安徽/金华,傅雷,书信,,128、 據《傅雷書簡》，可將籌備活動中與鄧實相關的資訊編年如下： 十月十一日，“鄧秋枚先生曾聞去春離申，不知刻已回來否？明後日擬走訪王公秋湄一商。”頁73。 十月十三日，“鄧秋老地址系靜安寺張家花園福如里六號，尊開地址誤為一千餘號，致前掛號信遭退回，昨日已照新址補去，俟有覆信，當再趨謁。其餘諸公對寫文 一層，均表謙謝；竊按鄧老與公交垂三十餘年，寫作材料較多，諒必不推辭也。”頁78。 十月十八日，
1865.5.1,安徽/金华,傅雷,书信,,129、 同注56。黄賓虹出於對老友的關心，告訴傅雷，“作文諒亦所憚，鄙見不必約” 。 130、參見注127王伯敏文及附圖。紙本淡設色，18.8x 58cm。畫左上方有鄧實題記：“板蕩中原日，烽煙已九秋，故人渺天末，徒倚在危樓。……甲申立秋野殘記。”王先生題為“讀書樓圖”，時為新加坡圖書館館 長賴燕鴻先生從上海購得珍藏。
1865.5.1,安徽/金华,傅雷,见面,,132、 據王琳論文，“晚年的鄧實賦閑於靜安寺愚園路，門口懸掛‘風雨樓’木牌一塊，致力於收藏鑒賞古今名人字畫。1951年，因罹患疾病憚於就醫、藥不對症而辭 世，……”，未注明出處，其住址和傅雷所訪“靜安寺張家花園福如里六號”不合。頁9。 133、據本編是年內容，有生活、政治、書畫、學術各方面可圈可點。例如後者，他一如既往，收羅玉器、古印、字畫等文物。遷居後得鄒安 （1864-1940） 舊藏秦漢古
1865.9.23,安徽/金华,傅雷,书信,,138、 夏承燾5月間曾勸他“耽舊不可拒新”，似乎未解其心病。9月23日，傅雷來函告知近况，稱其“蟄居不出，仍藉譯書糊口，生性頑劣，未能與世沉浮，視舊日同 學如龐薰琹（1906-1985）輩，深媿落伍矣。” 139、 本編1951年條，頁？？？記石谷風回憶：“當時師生畫展上，黄賓虹、潘天壽等教授作品都放在不顯眼的位置，看著賓老的山水畫掛在暗角裏，潘天壽的畫掛在 走廊裏，被風吹得飄曳不定，發出潑剌剌
1865.7.1,安徽/金华,傅雷,见面,,對於前者，編撰者特别拈出譜主在視覺感知方面的階段性變化，幫助說明其個人風格語言的衍變過程。從考辨譜主1891年頃造訪畫師鄭珊得“實處易、虚處難”六字訣的史實，到分析1929年7月1日譜主發表《虚與實》一文與此前《賓虹論畫》殘稿的關係，再到1934年1月30日刊出《論中國藝術之將來》演講稿，引申到“《賓虹論畫》殘稿和《虚與實》的第二個版本，這就是黄賓虹營構中國畫論的現代版《畫法要恉》”。這是極有見地
1865.7.1,安徽/金华,傅雷,书信,,藝術的永恒價值是歷史檢驗的結果。一個能經得起歷史風浪的人才能顯出其英雄的本色。概言之，新編《黄賓虹年譜》最可貴之處，是以第一手史料文獻和一系列重大的藝術史問題讓譜主及其同時代人自己說話，將成為認識和研究黄賓虹及其藝術和中國近現代藝術史不可或缺的參考資料。在引錄一篇題為《略有瑕疵的黄賓虹》的舊評後，編者加了一段意味深長的按語。“這是一篇罕見的直言批判黄賓虹繪畫的文章，發表於1947年的《藝術論壇》創
1894.10.23,安徽/金华,黄節,书信,,按：印章邊款分別爲“趙仲穆爲樸丞仁兄正，甲午三月”、“穆甫仿漢官印於西泠”。趙穆（1845—1894），字仲穆，常州人。精篆刻，兼擅竹刻及製紫砂壺，工畫菊與佛像。從黄賓虹鈐用頻率看，黄賓虹十分喜愛“黄質之印”白文印，三十年代中期前的作品，每每鈐用此印，晚年作品偶爾亦鈐之。十餘年後，黄賓虹爲黄節刻印，即有此印風致。 
1907.12.17,上海,黄節,书信,,恩銘聞報大驚，欲嚴辦，沈曾植、馮煦竭力爲之辯解，正當此際，恩銘被徐錫麟刺殺，此案方得以平息。在滬與國學保存會鄧實、黄節、蔡守訂交，加入國學保存會，參觀該會藏書樓金石書畫室，談書論畫，並將隨身携帶之稿交由鄧實發表。 存考：虎口脫險的黄賓虹，在上海，在國學保存會的藏書樓裏尋找到他終生相濡以沫的友情。其中一位叫黄節（1873—1935），字晦聞，弱冠受業於嶺南大學者簡朝亮之門。學既有得，又獨居花棣雲林寺
1907.11.19,上海,黄節,书信,,存考：虎口脫險的黄賓虹，在上海，在國學保存會的藏書樓裏尋找到他終生相濡以沫的友情。其中一位叫黄節（1873—1935），字晦聞，弱冠受業於嶺南大學者簡朝亮之門。學既有得，又獨居花棣雲林寺，攻讀垂十年。深感國勢日蹙，非振作無以自救，於前年之冬，北上滬瀆，與主持《政藝通報》的同鄉兼同門鄧實，糾合陳去病、章炳麟、劉師培、諸宗元、馬叙倫、高燮等一大批有志興邦的知識份子，創辦以“研究國學，發揚國光，以興起人
1907.11.15,上海,黄節,见面,,存考：經歷人生一劫，黄賓虹去意已萌。里居時，埋頭著述，繼續寫作《叙摹印》、《叙村居》、《叙造墨》的同時，開始整理畫論著述，其成果則是收入文集的《畫學散記》。此稿寫於《國學報》的稿箋上，生前未發表，收入文集時，由於不明《國學報》的來龍去脈，據文意斷為清末之作。經查考，《國學報》係國學保存會創建之初準備刊行的一種雜志，黄節為之撰有《國學報叙》，因故未曾創刊。黄節的《國學報叙》刊於甲辰十一號第三十七張《
1908.11.15,上海,黄節,见面,,存考：這封信未署年月，但從以下兩方面可以斷定其寫作時間不晚於本年年初。一、《濱虹論畫》本年九月（陽曆為10月）發表於《國粹學報》，顯然用的是黄賓虹本年來滬時隨身帶來的稿子，扣除排版印刷裝訂的周期，則其來滬時間如果在五六月份，那麽從1月到5月，有足夠的時間寫作《濱虹論畫》。二、《神州國光集》原定二月份（陽曆3月）創刊，由於進口機器的調試不順利，直至7月份才登報發行，鄧實“日內可出”之說係籌劃到印製之
1909.11.15,上海,蔡守,见面,,春，移交堨務畢，出新安江赴安慶，應聘安徽存古學堂，枉道上海，鄧實堅意挽留襄辦神州國光社，遂接受聘請，居藏書樓，與重來上海的蔡守共同從事徵稿、鑒定、編輯、印製事務。 《自叙》：“時議廢棄中國文字，嘗與力争之，由是而專意保存文藝之志愈篤。乃至滬，晤粤友鄧君秋枚、黄君晦聞；於《國學叢書》、《國粹學報》、《神州國光集》供搜輯之役。”
1909.11.15,上海,黄節,书信,,《寒瓊遺稿叙》：“憶自己酉，余恫時艱，將之皖江，道經滬瀆，時黄晦聞、鄧秋枚兩君刊輯國學叢書，蔡君哲夫共襄其事，因締交焉。”按：蔡守（1879—1941），字哲夫，號寒瓊，與鄧實、黄節同為廣東順德人。自幼聰穎，飽覽經史，兼通雜學，因妹夫佛萊蔗任職英國駐滬領事館，一度偕夫人張傾城居滬，與蘇曼殊、黄節、鄧實、劉三等交善。本年春重來滬濱，賃居孝友里（里址在滬西南徐家匯，現為太平洋廣場），襄助鄧實神州國光社
1909.11.15,上海,蔡守,书信,,蔡守書：“昨歸檢翰，《西清古鑑》漢博山鑪，乃房中具，形如豆，獨足下有盤，上有蓋，蓋作山形。君予我者類盂而有乳足，似唐代物，非漢器也。又君所藏之銅缾、周子孫觶近之，似非商觚也，未識否然邪？鄙人弱植，所畫没筆花卉，願得君佳什，當跋以識舞勺之筆，甚幸。（余生於癸未，戊戌乃年十六也。）繢事之餘，尤冀過我為盼。守白。十二日。” 又：“……未知在皖垣更有收得否？念念。前上書問古印中‘惟’字之義，尚望詳復爲盼，
1909.11.6,上海,蔡守,见面,,存考：自此開始，直至1941年蔡守謝世，其間悠悠三十二年，黄賓虹和蔡守的交誼不絶如縷。綜觀三十二年歲月的交誼，大抵可以作如下的表述：相識之初，蔡守較之黄賓虹佔有明顯的優勢，這種優勢體現在他有更爲廣泛的社會關係和更早投身於文化事業的經歷，起步更早的藝術探索在某種程度上影響並啟迪了文化領域的新人黄賓虹；但是，隨着時間的推移，兩者地位發生了變易，優勢很快轉化到黄賓虹那裏，可以説在其後大部分歲月裏，蔡守爲
1909.10.7,上海,蔡守,书信,,存考：柳亞子（1887—1958），名棄疾，江蘇吳江同里人。1903年入上海愛國學社，1906年任教健行中學，同年由劉師培介紹參加同盟會，一度主編《復報》，報纸被禁後返里，1907年來上海住國學保存會藏書樓，為《國粹時報》著述。徐錫麟、秋瑾先後殉難，陳去病在滬開追悼會未果，於陰曆七月七日結神交社。1908年，應聘紹興府教席，秋瑾忌日，欲邀衆祭奠，為官府所注意，乃逃亡至汕頭，旋至滬。柳亞子懷人詩前後
1909.10.7,上海,黄節,书信,,夏，為黄節作《蒹葭圖》。 自題：“己酉夏日，寫博晦聞先生雅粲，潭上質。”（廣東省博物館藏《蒹葭圖册之一》，《美術館》2001年創刊號）
1909.10.7,上海,蔡守,书信,,9月，潘飛聲應沈宗畸（太侔）之請，赴京與編《國學萃編》，出廣州，道經香港上海。與鄧實、蔡守邀其飲於酒樓，潘氏贈詩為別。潘氏出伍德彝繪《荔支灣送別圖》卷請為題跋， 潘飛聲《黄濱虹招飲市樓奉贈即以留別》：“杜甫傾心獨鄭虔，姓名那不世間傳。君才何止擅三絕，我輩都能擲十千。燕市荊高狂縱酒，昆山倪顧夜歸船。尊彝琴硯秋無恙，相待蘆花淺水邊。”（潘飛聲《說劍堂集》）
1909.10.7,上海,潘飛聲,书信,,潘飛聲《黄濱虹招飲市樓奉贈即以留別》：“杜甫傾心獨鄭虔，姓名那不世間傳。君才何止擅三絕，我輩都能擲十千。燕市荊高狂縱酒，昆山倪顧夜歸船。尊彝琴硯秋無恙，相待蘆花淺水邊。”（潘飛聲《說劍堂集》） 題《荔支灣送別圖》：“潘君倜儻今名流，才華富有非凡儔。言筌往往得肯綮，奏刀目已無全牛。雞林曩日貴聲價，亦有蒲輪重相迓。僊居挹婁矗九梯，異數不數星軺下。君昔朱顔今鬢霜，橫秋老氣工文章。京華人物盛繁富，好為祖國
1909.10.7,上海,蔡守,书信,,蔡守題：未謀尊酒祖君別，我送君行已太清。怪底飢寒如小子，媿無詞賦比先生。蠻娃多識空相似，山水能遊共有情。此去京畿風浪穩，公卿早已仰才名。（先生《海山詞》多蠻娃名字，餘《蠡樓詞》亦然，第五句故云）七十七已酉秋八月既望，送蘭史先生入都，並希吟定。順德蔡守題於春申江上。“ 按：香港中大文物舘藏，李志剛博士惠示。潘飛聲（1858—1934），字蘭史，號老蘭。廣東番禺人。為海山仙館潘仕成之後，祖與父都以倚聲
1909.10.7,上海,潘飛聲,书信,,按：香港中大文物舘藏，李志剛博士惠示。潘飛聲（1858—1934），字蘭史，號老蘭。廣東番禺人。為海山仙館潘仕成之後，祖與父都以倚聲名粤東。光緒中葉，隨軺海外，執教德國柏林大學，講授漢文學。返國後，舉經濟特科，不應，避居滬上，入《消閒報》書畫社，刊印著作，時在十九世紀末。因別署劍士，與傅熊湘（君劍）、高旭（鈍劍）、俞鍔（劍華）有“南社四劍”之稱。 
1909.10.7,上海,潘飛聲,书信,,夏，爲潘飛聲作《惠山訪聽松石圖》。 自題：“蘭史先生工詩好古，庋藏金石精拓甚多。己酉夏，游自梁溪歸，出眎李少温篆書，命寫此圖，草草不工，即希教正。濱虹黄質。”
1909.10.7,上海,潘飛聲,书信,,夏，為潘飛聲作《西泠泛櫂圖》，並錄其詩。 自題《西泠泛櫂圖》：“孤山鶴放洞呼，往代高蹤取次圖。古拙應教摹漢畫，昔年明聖著斯湖。長堤十里草油油，新柳□□舊酒樓。襟上痕消圖在篋，分明前事記從頭。潘江君夙擅才名，况屬波瀾已老成。錦綺詩懷增絢采，湘紋輕漾晚霞晴。一抹修螺淡欲無，淺妝人自比名姝。此鄉小飲塔娛老，不羨鳩夷泛五湖。里句謹步蘭老先生元韻，即呈郢政。濱虹黄質。”
1909.10.31,上海,蔡守,书信,,與蔡守加入年初創立的邑廟豫園書畫善會。10月31日偕蔡守游豫園西園，逛豫園東園諸肆，歇脚於得月樓箋扇店樓上邑廟豫園書畫善會。 蔡守《小重陽與黄朴人登點春園假山》：“海裔無一隨喜，竟成野鶴逐鷄羣。山如培塿人如蟻，衣競煙霞鬢競雲。要到千尋方性悦，今看九仞那心欣。登高翻入城中去，此事由來已鮮聞。”
1909.10.31,上海,蔡守,书信,,蔡守《小重陽與黄朴人登點春園假山》：“海裔無一隨喜，竟成野鶴逐鷄羣。山如培塿人如蟻，衣競煙霞鬢競雲。要到千尋方性悦，今看九仞那心欣。登高翻入城中去，此事由來已鮮聞。” 按：此詩刊於1909年廣州《時事畫報》詩錄欄，未署名，同時發表諸詩有《送潘太史入都》，並見於《南社叢刻》，作者為蔡守，可知本詩作者同為蔡守。
1909.10.31,上海,蔡守,见面,,按：此詩刊於1909年廣州《時事畫報》詩錄欄，未署名，同時發表諸詩有《送潘太史入都》，並見於《南社叢刻》，作者為蔡守，可知本詩作者同為蔡守。 上海書畫善會第七次報告：“今將本會八、九月份收支清單開呈公覽。收款：一、收七月份存洋三十四元六角四分。一、收八、九月份會費大洋十七元、小洋廿五角，清單附後。一、潤資八月份五十元，九月份一百四十三元六角。一、收八月份助件：徐君敬軒一角七分半，鍾君祿卿洋二角，王
1909.12.11,上海,潘飛聲,书信,,按：楊古醖（1830-1912），諱葆光，號蘇庵，別號紅豆詞人，江蘇婁縣人（今松江）。曾官至龍遊、新昌知縣。學識淵博，著作等身，兼擅書畫。書法宗晉唐，風格遒上。1909年春，上海邑廟豫園書畫善會成立，楊為會長之一，黄賓虹為會員。此前己酉之秋，潘飛聲服京過滬，楊古醖亦為其《荔支灣送別圖》卷題詩。1911年秋涼為哈少甫題圖，用心過度，歸即吐血數升，旋歿於鄉。 
1909.11.13,上海,蔡守,书信,,11月13日，偕蔡守、馮心俠、景耀月自蘇州城聯騎赴虎丘南社第一次雅集。 《九十雜談》：“南社成立，余與去病赴蘇州出席與會，柳亞子賦詩記其事，有‘寂寞湖山歌舞盡，無端豪俊又重來’句，内多寓意。時宣統元年十月初一，今以陽曆計，即十一月十三日也。”
1909.11.13,上海,蔡守,寄赠,,為蔡守作仿程穆倩枯筆《壺天閣圖》與《玄芝閣圖》。 蔡守《溼羅衣》：“甲寅十二月二十七夕，仲瑛以余己酉客上海時寄贈之黄濱虹仿程穆倩枯筆《壺天閣圖》囑題。余去歲北游，正是日過扈豄，與濱虹重逢，為作《泰岱游蹤》卷子亦有是圖，但非焦墨，因走筆填此一闋，聊欲紀實，固未求工也。聊尋蹟曩畫圖中，無端六載匆匆。重展花前，又臘燈紅。去年今夜重逢，寫游蹤，還輸此幅。潤如春雨，乾裂秋風。”
1909.11.13,上海,蔡守,寄赠,,蔡守《溼羅衣》：“甲寅十二月二十七夕，仲瑛以余己酉客上海時寄贈之黄濱虹仿程穆倩枯筆《壺天閣圖》囑題。余去歲北游，正是日過扈豄，與濱虹重逢，為作《泰岱游蹤》卷子亦有是圖，但非焦墨，因走筆填此一闋，聊欲紀實，固未求工也。聊尋蹟曩畫圖中，無端六載匆匆。重展花前，又臘燈紅。去年今夜重逢，寫游蹤，還輸此幅。潤如春雨，乾裂秋風。” 自題《玄芝閣圖》：“哲夫道兄先生獲漢銅‘蔡燕’印於是年十月，即有徵蘭之喜，命名
1910.4.10,上海,蔡守,书信,,夏，作畫贈胡適，並托蔡守轉遞信件。 存考：見本譜1917年條。然而，他們是如何認識並交往的，却沒有依據。當年胡適在吳淞的中國公學讀書，並於本年赴美留學，這是我們能得到的胡適的幾乎全部資訊。1944年大約2月間在重慶的陸丹林從遠道而來的友人處得到譜主去世的訛傳，懷念之餘，陸丹林寫了篇《感悼黄賓虹畫人》的文章，發表在2月13日的《掃蕩報》上。此文提到黄賓虹與胡適的一段未經考實的“故實”：“他（黄賓虹）
1910.2.13,上海,蔡守,见面,,存考：見本譜1917年條。然而，他們是如何認識並交往的，却沒有依據。當年胡適在吳淞的中國公學讀書，並於本年赴美留學，這是我們能得到的胡適的幾乎全部資訊。1944年大約2月間在重慶的陸丹林從遠道而來的友人處得到譜主去世的訛傳，懷念之餘，陸丹林寫了篇《感悼黄賓虹畫人》的文章，發表在2月13日的《掃蕩報》上。此文提到黄賓虹與胡適的一段未經考實的“故實”：“他（黄賓虹）在上海的留美預備學堂擔任過教席，胡適
1910.3.22,上海,胡韞玉,见面,,拙文《黄賓虹十事考·上海留美預備學堂》：“留美預備學堂的創辦是清末教育界的事。最著名的是1911年創建的北京清華留美預備學校，即現今清華大學的前身。那麽黄賓虹所說的上海留美預備學堂又是怎麽回事呢？它的創建背景與建校情况又如何呢？事情與‘庚子賠款’有關。1900年八國聯軍攻佔北京，清政府被迫簽訂《辛丑條約》。按條約規定，清政府必須向相關國家‘賠償’巨款，分三十九年還清，本息高達九億八千多萬兩銀子。1
1910.9.6,上海,黄節,寄赠,,初秋，黄節自廣州寄詩索畫，為作《蒹葭圖》。 黄節《自題蒹葭圖寄黄濱虹索畫》：“愁入蒹葭不可尋，閉門誰識溯洄深。江湖一往成回首，風露當前獨斂襟。遺世尚多今日意，懷人空有百年心。憑君為寫傷秋句，應與鳴條和獨吟。自題蒹葭圖，即寄樸人爲索畫事。庚戌初秋，黄節。”
1910.9.6,上海,黄節,见面,,黄節《自題蒹葭圖寄黄濱虹索畫》：“愁入蒹葭不可尋，閉門誰識溯洄深。江湖一往成回首，風露當前獨斂襟。遺世尚多今日意，懷人空有百年心。憑君為寫傷秋句，應與鳴條和獨吟。自題蒹葭圖，即寄樸人爲索畫事。庚戌初秋，黄節。” 黄節書：“樸存先生大教：昨奉手示，復惠賜法繪，感紉何似！千里神交，獲此如面，亦不知作何言以謝足下耳。近讀陶靖節詩，深歎後人不可及。曩者好陳後山詩，由今視之，不啻霄壤計，自此拙作詩又當一變，
1910.9.6,上海,黄節,见面,,黄節書：“樸存先生大教：昨奉手示，復惠賜法繪，感紉何似！千里神交，獲此如面，亦不知作何言以謝足下耳。近讀陶靖節詩，深歎後人不可及。曩者好陳後山詩，由今視之，不啻霄壤計，自此拙作詩又當一變，未知足下何以教我也。屬致葉君印譜當轉交。□□近作一扇面，並以呈教。歲寒稍有暇，必航海一晤也，想台從未遽去滬也。手復，即頌起居。弟黄節頓首。附呈詩什乞吟正。十月六日。” 
1910.9.6,上海,蔡守,见面,,約此際，為蔡守題其所得江蓉（蓮峰）所作《九歌圖册，面對鄉先賢遺作，憶及數年前治理義田水利之暇，得聞其緒論，不勝感慨。 題江蓉《九歌圖册》：“有明仇十洲畫《離騷·九歌》，曏藏余族茨蓀太史家，咸豐兵亂散失，後歸朱丈寄洲。寄洲收庋極富，然以此册為壓卷，餘過其齋，恒出册以誇示。且以為通繢事如餘族中鳳六、柳溪諸公皆能廣睹古今名蹟，故筆筆有來歷。郡城江丈蓮峰，幼通書史，工吟詠，所游江淮間，王小某、釋蓮溪皆極稱
1911.7.16,上海,胡韞玉,书信,,按：《美術叢書》按計劃一週出一册，一個月四册為一集，十集四十册，後來合函成爲前集。嗣後復有中集、後集之編，合計一百二十册。現全部叢書計四集一百六十册，鄧實參與前三集編纂，最後一集分上、下兩集出版，為黄賓虹編纂，1936年出齊。胡韞玉編纂了前集40册，因與鄧實不合遂離去。《太平洋報》副刊連載胡樸庵《美術叢鈔》刊有編者按云：神州國光社《美術叢書》，胡韞玉編。1912年7月16日《太平洋報》第12頁“文
1911.7.16,上海,胡韞玉,寄赠,,胡樸安引：丹文綠牒，神符煥河洛之文景；景星慶雲，天德布光華之象，此固宇宙自然之文章，而神物莫測之變化。自六書肇於倉頡，圖畫始於史皇，文化既開，美善咸備；或謂 書契以代結繩，圖畫以考地理，衣裳而朝萬國，圭璧而會諸侯。後世視為飾麗之端，皇古以為實用之學。然而九鼎既鑄，圖山川奇異之形；五采施彰，繪日月星辰之象。織幣纖縞，詳於方物；刺繡練染，設有專官，於今為烈，自古而然。夫書以傳意，畫以肖形。刻印始於秦皇
1911.7.16,上海,黄節,书信,,作《廣雅書院圖》贈黄節，黄節作詩以報。 李韶清《順德黄晦聞先生年譜》1911年條：“是年畫師黄賓虹為先生繪《廣雅書院圖》，先生題詩圖上。”
1911.7.16,上海,黄節,寄赠,,黄節《報濱虹寄畫》：“青山忽飛來，置我几席間。如何所思人，夢寐空往還。蒼波澹將夕，木葉秋漸闌。孤松鬱奇姿，遠峰修禿鬟。知非貌雲林，意復高荆關。萬事託筆端，於世真閒閒。邇來我為詩，視子尤辛艱。朝叩少陵扉，夕抗昌黎顔。念枯每微喟，意拙寧多删。一藝恐無成，區區同所歎。” 
1911.9.17,上海,蔡守,书信,,存考：黄大德《鄧爾雅年表》（1999年8月澳門藝術館《鄧爾雅書畫印集》）1908年條載，鄧爾雅偕妻與長子祖尉游日本，1909年條載蔡守有《答鄧爾雅日本》（詩刊《南社叢刻》第一集）；1911年條載蔡守《辛亥八月二十五日送爾雅歸東莞》詩有“吾堂已孤君更去，爾鄉非遠路難行”句。綜合上述數條，可作如下陳述：1908年鄧爾雅游日，1911年歸國在滬稍作逗留，陰曆八月二十五日經海路還東莞。鄧、黄之交當始於此際
1912.4.1,上海,黄節,见面,李叔同,拙文《黄賓虹十事考：文美盛會》：“在《貞社時代》裏，我們提到與貞社差不多同時創立的另一個民間藝術團體‘文美會’。這個民間藝術團體留給我們的訊息之匱乏，祇可用‘寥若晨星’來比擬了。大凡關注近現代藝術社團的人們，腦際浮現的不外乎《1947年中國美術年鑒》糅捏胡懷琛（即南社社友胡寄塵）《上海學藝概况》《上海學藝團體》相關材料而成的記述：‘民國元年，李叔同方主編《太平洋畫報》（《太平洋報》附刊），發起組織
1912.4.22,上海,黄節,见面,李叔同 / 宣愚公,拙文《黄賓虹十事考·貞社時代》：“創立於1912年之春的貞社，是一個旨在‘保存國粹，發明藝術，啟人愛國之心’的藝術研究團體，是黄賓虹糾集同志弘揚民族藝術的第一次嘗試。貞社之名，取‘抱守堅固，行久遠名’之義，是一個兼容性很强的藝術團體，研究範圍包括古銅玉器、書籍版本、書畫卷册、詩文題跋、譜錄拓本、收藏著錄、古今工藝，以及歐亞翻譯有關考古之作，幾乎涵蓋中國藝術領域的所有的角落。這種一攬子將藝術——除了
1912.4.22,上海,宣古愚,书信,,宣古愚  海寧路福壽里四十五號 毛子堅
1912.4.22,上海,宣古愚,书信,李叔同,上述，除中國知名人士如程雲岑、宣古愚、毛子堅、馮超然、費劍石、龐芝閣、鄒適廬、黄少牧、王怒安、潘老蘭、王捍鄭、郭聞庭、陶小柳、趙叔孺、吳倉石、吳石潛、潘琅圃、俞語霜、陳瀏、汪瘦岑、謝无量、李叔同、童心盦、陳道遺、蔡哲夫、沈泊忱、梅庵（李瑞清）外，尚有佐伯有信、正木小三郎、圓山惇一、三井氏聽冰閣（三井高坚1849-1919）、河井仙郎（1871-1945）、竹內栖鳳（1864-1942）、鈴木松年（
1912.5.13,上海,黄節,见面,宣愚公,拙文《黄賓虹十事考·〈真相畫報〉之緣》：“1912年這個中華民國呱呱墮地、封建皇朝倉卒出局的年頭，我們屢屢見到黄賓虹頎長瘦削的身影出没於紛紛攘攘瞬息萬變的事件中。襄辦《真相畫報》，並因而與嶺南三傑尤其是三傑之首的高劍父結交，就在這個時候。他們藝術取向的迥異，及與此糾結在一團的私人情誼，竟然穿越近半個世紀的畫壇風雲變幻而不渝的故事是發人深思的。《真相畫報》是一著名的美術刊物，由廣東番禺人高劍父、冠天
1912.5.15,上海,蔡守,见面,,此際，蔡守介紹王秋湄造訪。並與黄少牧、李尹桑相晤。 蔡守書：“樸人社長足下：頃辱手書，具悉，交龍君帶上石印，均已得達，甚謝甚謝。星州雖未能追秦漢，然亦俗手之錚錚者，故弟與爾以爲覓治印者不易，故不遠千里而求之，彼不知吾輩之推重如此，而往往延稽經歲，殊不解人意也。晦聞與弟皆欲如滬，但恐未能如願耳。聞海上貞社已成立，每星期之雅集，討論金石書畫，何等樂耶！弟輩未得與聞，大爲憾事。粤中尚未有辦法，且金石南天
1912.5.15,上海,蔡守,寄赠,,蔡守書：“樸人社長足下：頃辱手書，具悉，交龍君帶上石印，均已得達，甚謝甚謝。星州雖未能追秦漢，然亦俗手之錚錚者，故弟與爾以爲覓治印者不易，故不遠千里而求之，彼不知吾輩之推重如此，而往往延稽經歲，殊不解人意也。晦聞與弟皆欲如滬，但恐未能如願耳。聞海上貞社已成立，每星期之雅集，討論金石書畫，何等樂耶！弟輩未得與聞，大爲憾事。粤中尚未有辦法，且金石南天貧，而粤尤爲南天之南，益覺陋絶，奈何奈何！沂水劉惺父
1912.6.8,上海,宣古愚,寄赠,,《金石古畫共覽會廣告》：“戰事初平，古物流出，多萃匯滬上，加以海内收藏大家賞鑒巨子，均以避地，同處一隅，際此首夏清和，正宜雅集參觀，墨緣同結。本會擇於陽曆六月八號至二十號，即陰曆四月二十三日至二十七日，開會康老脫路徐園，陳列金石書畫，與衆共賞。先三日陳列非賣品，後二日陳列寄售品。倘有海内收藏名家願將寶藏各件真蹟送會陳列者，請書明非售品與售品，先期一二日送交四馬路老巡捕房隔壁惠福里神州國光社代收，掣
1912.7.23,上海,胡韞玉,书信,,按：記者或為胡韞玉，時為《太平洋報》主筆，在《國粹學報》時，與黄賓虹同事，這裏的記述係在黄賓虹家眷未遷居滬江，尚與胡氏同居藏書樓時的情景。印譜之《濱虹草堂藏古璽印銘並叙》即文美會中陳列者，載《南社叢刻》。 
1912.7.23,上海,黄節,寄赠,,黄節收到寄贈之印譜兩部，覆書致謝，並對貞社寄以厚望。 黄節書：“樸存先生足下：月前承賜尊集印譜兩部，搜羅至富，鑒別尤嚴，感荷何似！風雅道衰，得公隱中提倡保存，有如空谷足音矣。貞社多才，聞之心往。學校暑假在邇，此次弟必來滬一行，得親輝光也。拙著近體詩約百十章，間有可以示人者，誠以茲事關性情之學良巨，近日力趨平淡，殊願足下商訂之耳。靡論詩學，弟以爲凡愛古物者，皆當求其有補於性情爲主，足下謂然否邪？爾時
1912.7.23,上海,黄節,书信,,黄節書：“樸存先生足下：月前承賜尊集印譜兩部，搜羅至富，鑒別尤嚴，感荷何似！風雅道衰，得公隱中提倡保存，有如空谷足音矣。貞社多才，聞之心往。學校暑假在邇，此次弟必來滬一行，得親輝光也。拙著近體詩約百十章，間有可以示人者，誠以茲事關性情之學良巨，近日力趨平淡，殊願足下商訂之耳。靡論詩學，弟以爲凡愛古物者，皆當求其有補於性情爲主，足下謂然否邪？爾時海上應復清和，南方多暑。敬問起居。弟節頓首。廿一日。”
1912.9.5,上海,蔡守,寄赠,,蔡守書：“朴人社兄鑒：前曾上書問金石雜志辦法，望詳示爲幸。小進以小素絹一張（長方）乞畫山水，萬望速藻即寄，此是同人集册，今祇等足下一張，即可裝裱也。又星州已將從前付上之印刻就，望即代取，包裹好交北京路普源公寄。□□寫法，别紙付上。” 
1912.10.1,上海,蔡守,见面,,初冬，以徐星州（新周）刻印交普源公號轉郵蔡守，蔡守以所見古銅印拓本寄來鑒定並供採擇。 蔡守書：“樸存社長兄足下：頃得香港普源公來書云，已得收石印，日間即可到省也，請勿念。今日有友人以古銅印都五十七方來售，索價六十元，但其中精真不多耳。今先拓本呈鑒，如何請即裁復，倘可取，則以代購戈款十六元、印譜款十二元扺去廿八元，餘多少再計可也。弟返里二年，從未見有古銅印，今忽得此，頗喜出望外，因欲爲足下物色而不可
1912.10.1,上海,蔡守,见面,,蔡守書：“樸存社長兄足下：頃得香港普源公來書云，已得收石印，日間即可到省也，請勿念。今日有友人以古銅印都五十七方來售，索價六十元，但其中精真不多耳。今先拓本呈鑒，如何請即裁復，倘可取，則以代購戈款十六元、印譜款十二元扺去廿八元，餘多少再計可也。弟返里二年，從未見有古銅印，今忽得此，頗喜出望外，因欲爲足下物色而不可得也。匆匆不盡，企候德音之至。聞曼殊已到滬，未知有晤面否？此請道安。弟守頓首。舊十月廿
1913.6.29,上海,宣古愚,见面,,張谷雛跋《畫學篇》：“憶昔癸丑歲，秋之八月，高先生劍父邀予同往景德鎭，過春申，在鄧氏風雨樓中與黄丈把晤，得聞緖論。斯時余未有意畫道，匆匆之際，奔走遑遑。殆戊辰歲，余往匡廬山居兩載，朝夕流盼山光雲影，以古人筆墨之法，撮取自然景物，得草稿百十紙，及扺滬上，請益於黄丈。當時王秋齋、宣古愚在座，黄丈笑曰：‘師古人而貫通造化之機，吾當與子並駕而游於藝。’古愚謂予與黄丈洵為同道，不以藝治生，以藝為寄興。”(原
1913.6.29,上海,黄節,见面,,按：張虹(1891—1968)，字谷雛，號申齋，以字行，順德龍江人。高劍父門生。1912年，由其兄吕周之介，隨高劍父之贛省，手繪瓷畫於饒州瓷業公司。後又與劍父赴滬，為審美書局玻璃版着色。與鄧實、王秋湄(薳)等友善，曾游日考察繪畫兩載。工山水，畫風有兩類，一類出於折衷派，一類出於傳統，前者受高劍父影響，後者受黄賓虹影響。作品曾參加在歐洲舉辦的中德美展，見本譜1934年條。其《吳越楚紀游册·怡園》一圖
1913.12.29,上海,傅雷,见面,宣愚公,存考：拙文《黄賓虹十事考·居滬前後的上海畫壇》，已涉及此類展覽會，以及在滬收藏中國古畫的西方人士，涉及黄賓虹與傅雷書中所記述（《榮寶齋》2002年3月—7月第2—4期連載）的關於“塞爾維亞商人”的故事，然而要對黄賓虹與他們交往的確切時間加以定位，就倍感困難了。以黄賓虹治學取向與所創辦貞社之宗旨，以及已經露出水面的他們之間的往來綫索决不能排除他前往觀覽並與他們交往的可能。黄賓虹1943年給傅雷信中說
1914.1.22,上海,宣古愚,见面,,蔡哲夫跋：“癸丑冬，余將之山左，十二月廿七日（陽曆為1914年1月22日）道出滬瀆，即與黄子濱虹訪宣古愚（哲）於歸仁里，並晤程雲岑（文龍），遍觀宣氏藏弆金石，程子拓金文數種，余手搨此造象一紙。哲夫識於濱虹寓齋。” 題跋：“秦郵宣古愚君與余同僑滬瀆，結為貞社，共出金石書畫，以相娛樂。哲夫兄時已旋粤，氣求聲應，今將北行，把握拓此。濱虹識。”
1914.1.22,上海,宣古愚,书信,,題跋：“秦郵宣古愚君與余同僑滬瀆，結為貞社，共出金石書畫，以相娛樂。哲夫兄時已旋粤，氣求聲應，今將北行，把握拓此。濱虹識。” 
1914.1.22,上海,黄節,见面,,按：此卷原件未見，茲處錄自拍賣圖錄，圖錄非全圖，卷尾黄節等跋亦不可覩。此卷畫泰山仙人影、九女寨、竹林寺等勝景，題識可釋者錄如下：“循山麓而上，徑路逶迤，至紅門則山勢若翼，闢塗而升，蓋登岱之初級也。”又：“迴馬嶺稍南，有玉皇廟，峻閣聳峙，俯瞰萬象。”又：“自南天門而上，出盤道而坦夷，遂登岱頂，坐觀雲起，觸石而出。膚寸而合，倏忽萬狀，怳若銀河。”又：“泰嶽在泰安縣北，其四周圍一百六十里五十步。從麓至頂
1914.1.25,上海,蔡守,见面,,蔡守《喜遷鶯》：“甲寅歲除不寐，思去年今日在滬瀆，驅車訪劉三，過徐家匯故居。余以己酉春挈婘賃廡於斯，至辛亥春（？）始歸里，一旦重來，門廳猶昔，與鄰人話舊，低徊久之。旋至黄葉樓，一別四載，殘年再晤，喜可知也。劉三盡發所藏石墨，剪燈共讀，更以古甓拓本十數種題贈。是夕，並與靈素夫人裁句為令，歡飲徹明。客中似此度歲，洵人生不可多得，今宵回憶，倏忽經年，勝事難忘，因填此闋，即寄劉三。孤車投暮，記衝歲訪友，風
1914.2.6,上海,胡韞玉,寄赠,,胡韞玉《南社叢選》：“民國元二年間，南社同人主持上海報館筆政者頗多。天民、元冲、勉俊在《民國新聞》，右任、鴻軒在《民立報》，楚傖、亞子、叔同、一厂、人菊（周偉）、寄塵（胡懷琛）、鵷雛在《太平洋》，懷霜、布雷、亞雲在《天鐸》，太一、季剛在《民聲》，无生、樸存在《神州》，匪石、天仇、少衡在《民權》，孟碩、子實、善之、義華與余在《中華民報》，治事之暇，輒為詩酒之會，為極盛之時。” 又：“徐自華，字寄塵，
1914.2.6,上海,黄節,见面,,初夏，黄節北上京師，道出滬江，一傾闊別積年愫懷，並馳書金山張堰，邀高吹萬來滬叙晤不果。 黄節書：“濱虹先生：弟昨日來滬，寓東亞旅館，倘公餘，乞過我一譚。聞公已遷居，不克走訪，至歉至歉。並候起居。節頓首。十七日。”
1914.2.6,上海,黄節,见面,,黄節書：“濱虹先生：弟昨日來滬，寓東亞旅館，倘公餘，乞過我一譚。聞公已遷居，不克走訪，至歉至歉。並候起居。節頓首。十七日。” 高燮致黄節書：“晦聞先生惠鑒：闊別數年，相思千里，把晤無由。頃得樸存先生函，知台從蒞滬，承招叙談，極願即時趨前，飽領教益，奈刻因事絆，不克分身，悵惘何似！久不得我公近狀，道力定增幾許。世變驚心，日益危急，書生無用，望而却步，惟與二三同志，商量舊學，討論文章，以此因緣，稍得佳
1914.2.6,上海,黄節,见面,,高燮致黄節書：“晦聞先生惠鑒：闊別數年，相思千里，把晤無由。頃得樸存先生函，知台從蒞滬，承招叙談，極願即時趨前，飽領教益，奈刻因事絆，不克分身，悵惘何似！久不得我公近狀，道力定增幾許。世變驚心，日益危急，書生無用，望而却步，惟與二三同志，商量舊學，討論文章，以此因緣，稍得佳趣。而一事差堪為故人告者，則於當世旋（漩）渦中，尚未入各種政黨，故能立竿百尺，俯仰自如。我公澹宕人，諒有同調否乎？今者弟既未能
1914.2.6,上海,黄節,见面,,黄節答高燮書：“時若先生足下：弟以四月中旬來滬晤樸存，比奉手書，欣悉起居無恙，甚慰。賢者遠引，求之於詩，風雨君子，不改其度，足下有焉。弟來此間，擬作北游，一覘景象，竊附於君子揚揚之義，當為賢者所見讓耳。留滬數天，即日赴津，尊約張堰之行，期之異日。讀大著數首，駸駸唐宋諸賢，心佩無已。文章大勢，邇日觀之，將復為秦漢，時人有為澀體，乃其先驅，賢者以爲然者？大稿謹附樸存，以時珍復，未審一二年内吟詠何如，見
1914.2.6,上海,蔡守,书信,,夏，蔡守歸粤，生活潦倒，求爲其向廣東巡按使李國筠説項。 蔡守上：“濱虹先生大鑒：弟於望後一日抵家，但季子失意而歸，殊無意味，加以小樓湫溢，暑氣如蒸，尤令人難堪耳。序東所與薦書又多屬子虚，因王小宋將啟行北上，羅雨三則適交卸，吾運蹇如是，奈何奈何！在滬時知吾粤巡按使李公與君舊知，且素重執事，弟今窶乏如斯，諒在洞悉，倘君故人情重，能與弟數行紹介往見李公，俾有噉飯讀書之處，真感激靡涯也。且與李公書不必他言
1914.2.6,上海,蔡守,书信,,蔡守上：“濱虹先生大鑒：弟於望後一日抵家，但季子失意而歸，殊無意味，加以小樓湫溢，暑氣如蒸，尤令人難堪耳。序東所與薦書又多屬子虚，因王小宋將啟行北上，羅雨三則適交卸，吾運蹇如是，奈何奈何！在滬時知吾粤巡按使李公與君舊知，且素重執事，弟今窶乏如斯，諒在洞悉，倘君故人情重，能與弟數行紹介往見李公，俾有噉飯讀書之處，真感激靡涯也。且與李公書不必他言，祇叙與弟交情及弟所學、今之狀况可也。匆匆，此請道安，不
1915.12.3,上海,黄節,书信,,春，黄節題所贈之山水畫。 黄節《春日題濱虹山水幛》：“舊憶松江經歲別，春陰元俚嘆濱虹。平生能事都如此，浦溆漁舟着意工。”
1915.12.3,上海,黄節,书信,,黄節《春日題濱虹山水幛》：“舊憶松江經歲別，春陰元俚嘆濱虹。平生能事都如此，浦溆漁舟着意工。” 
1915.12.3,上海,黄節,寄赠,,春夏間，應黄節函請，為繪《祭後山圖》和《後山詩意圖册》。 裘譜：“黄節為紀念宋詩人陳師道，函請先生繪圖。信中說：‘去年臘冬，都下名流，集法源寺，為後山逝日設祭。僧堂深邃，頗饒松竹，既各為詩繕册，欲乞公製一圖，以志斯事。’《蒹葭樓詩》上年（按：陽曆即本年2月12日）有《十二月二十九日集法源寺為後山逝日設祭》七律一首：‘謖謖長松繞佛壇，致齋為位詎無端？願茲一往相從意，益嘆於今後死難。賢達同時天獨嗇，士
1915.2.12,上海,黄節,寄赠,,裘譜：“黄節為紀念宋詩人陳師道，函請先生繪圖。信中說：‘去年臘冬，都下名流，集法源寺，為後山逝日設祭。僧堂深邃，頗饒松竹，既各為詩繕册，欲乞公製一圖，以志斯事。’《蒹葭樓詩》上年（按：陽曆即本年2月12日）有《十二月二十九日集法源寺為後山逝日設祭》七律一首：‘謖謖長松繞佛壇，致齋為位詎無端？願茲一往相從意，益嘆於今後死難。賢達同時天獨嗇，士夫明耻國猶安。流光已絶熙豐世，詩卷憑誰共歲寒？’諸宗元《大
1915.2.12,上海,黄節,书信,,按：裘谱徵引諸信未見。黄賓虹《祭後山圖》與黄節詩見《追祭宋詩人陳後山詩畫册》，册頁凡十五開，各24.8×29厘米，除了上例，尚有李霈《江亭憶舊圖》，陳師曾、湯定之《祭後山圖》各一，陳衍、羅惇曧、胡朝樑、羅惇、夏敬觀、楊增犖、黄濬、諸宗元詩。黄賓虹《祭後山圖》極工細，設色紙本，題云：“野潤膏新澤，樓明納晚晴。宋陳後山句也，余喜其有畫意，欲圖之而未果。去臘晦聞先生曾偕同人集京師法源寺，爲後山逝日齋食，
1915.2.12,上海,黄節,寄赠,,8月黄節來信，對以鐵桿擁袁為帝的楊度爲首的“籌安會”傾覆共和制度的罪惡行徑大加抨擊，寄來致淪爲“籌安會六君子”之一的舊友劉師培公開信，囑分發上海各報。接信後，即交付南社刊於《南社叢刻》。 黄節致劉師培公開信：“閱報見籌安會啟，諸君標榜愛國，言徵切磨，情或難知，語則有據。顧往史不可誣，國衆不可欺，若摭拾外人言論，欲以箝制人口，一言不智，莫斯之甚。會啟謂革命之際，國家與人民所歷危險痛苦，由於國體不善，
1915.2.12,上海,黄節,书信,,黄節致劉師培公開信：“閱報見籌安會啟，諸君標榜愛國，言徵切磨，情或難知，語則有據。顧往史不可誣，國衆不可欺，若摭拾外人言論，欲以箝制人口，一言不智，莫斯之甚。會啟謂革命之際，國家與人民所歷危險痛苦，由於國體不善，亦知明祖戡亂，中更十八年，滿清劙明，亦越二十年，史之所書，慘殺夷戮，分崩割據，其為危苦，視今倍蓰。共和創國四年，反側雖興，旋踵即戢，士不從亂，民無去心，非力不能奮，死不能致也。徒以共和維繫
1916.9.26,上海,胡韞玉,书信,,9月26日，于右任招飲宋園，同座者尚有謝无量、胡韞玉、邵力子、葉楚傖、柳亞子、余其鏘。 劉三《九月廿六右任招飲宋園，賦示同坐无量、樸庵、力子、楚傖、亞子、濱虹、十眉》：“百戰重逢鬢未霜，暢然舊國是咸陽。不須更論雞蟲事，且對黄花盡一觴。”（劉三《黄花樓遺稿》）
1916.10.26,上海,狄平子,书信,,11月，宣哲（古愚）、鄧實（秋枚）、毛子堅、狄平子（楚青）為定潤例。 《介紹畫師》：“黄濱虹先生，研究六法有年，尤長於北宋一派，雄奇古厚，為近時畫家僅見。現因寓居多暇，時有傑作，可以應時人之求。如有同嗜，件交上海望平街有正書局及各箋扇店可也。潤例如下：
1916.11.22,上海,狄平子,书信,,宣古愚  鄧秋枚  毛子堅  狄平子同啟。”（11月22日時報） 按：毛子堅（1881—？），上海人。曾任上海縣救火會會長、縣商會執行委員、內地自來水公司董事、上海書畫研究會（題襟館書畫會）協理等。家富收藏。
1917.3.14,上海,潘飛聲,书信,,3月，與潘飛聲、狄楚青為湯臨澤定篆刻潤例。 《湯臨澤篆刻潤格》：“湯君臨澤，少耽繪事，山水花卉，並臻佳妙，而不知其篆刻之精，尤駸駸入於古，上追秦漢，旁及元明。近日求者益衆，為訂潤格，以告知音。  石章每字二角  牙章每字三角  碑版墓誌，及小品等件均另議。  收件處 上海望平街有正書局及四馬路三山會館隔壁海上題襟館書畫會。  潘蘭史  黄濱虹  狄楚青同啟。”（3月31日時報）
1918.2.14,上海,蔡守,书信,,按：是際蔡守避亂居香港。 
1918.5.2,上海,黄節,讣告,,5月2日，蘇曼殊病逝於上海瑞金醫院，3日舉行大殮。曼殊瀕危際，囑咐高劍父報書黄節，黄節聞耗，匆匆從北京趕來，偕與同視曼殊殯。 《曼殊上人圓寂訃告》：“曼殊上人蘇元瑛師於5月2日在法租界金神父路廣慈醫院示寂，擇於3日午後三時成殮，4日午前十時移龕廣肇山莊。此訃。汪兆銘、丁仁傑、林鏡臺、周日宣謹啟。”（5月4日民國日報）
1918.5.2,上海,黄節,书信,,黄節《江干與濱虹同視曼殊殯》：“一棺江舍未經時，冒暑來尋或有知。已負生死元伯語，所哀塵露步兵詩。尺書病革猶相問（曼殊瀕死，囑高劍父報書於余），晚歲樓居不可期（十年前，曾與曼殊同居江上藏書樓）。祇有茫茫憂患意，亂蟬斜照共銜悲。” 
1918.5.2,上海,黄節,书信,,旋與黄節聯袂赴杭州游西湖，黄節出友人伍莊（憲子）記其年輕時戀情故實《優曇花影事》一編，請為之叙。 黄節《湖上示濱虹並簡貞壯》：“誰喻湖干佇立人，纔從江上息車塵。來尋種、蠡圖存地，少聚萍蹤避兵鄰。眼前菱藕魚蝦美，不識他年孰主賓。”
1918.5.2,上海,黄節,寄赠,,黄節《湖上示濱虹並簡貞壯》：“誰喻湖干佇立人，纔從江上息車塵。來尋種、蠡圖存地，少聚萍蹤避兵鄰。眼前菱藕魚蝦美，不識他年孰主賓。” 《優曇花影序》：“戊午之夏，余方門不出，惄焉寡懽，溽暑蒸天，忽來舊雨，清言永日，已滌塵囂。因之海上從蜻，復與湖干狎鷺。蘋風之香在袂，林旭之蔭成圍，遠山浮黛，如寫愁眉，晴光漾波，兼紓文藻。游既倦，吟賞其新詩，芳軌可追，棖觸乎綺緒。迴西泠之鷁首，話北里之燕支，情萬縷以縈絲
1918.5.2,上海,黄節,书信,,歸滬，爲諸貞壯繪《楊華圖》，黄節題詩。 黄節《濱虹為貞壯畫〈楊華圖〉，予題一律》：“且從湖上說宣南，別後能爲數日譚。汝以楊華傷逝水，我纔秋夢了優曇（《優曇花夢》一卷，憲子為予作）。兩人結習今俱盡，一世沉冥孰更堪。閒却夏來勞倦意，坐看山翠作浮嵐。”
1918.5.2,上海,黄節,书信,,黄節《濱虹為貞壯畫〈楊華圖〉，予題一律》：“且從湖上說宣南，別後能爲數日譚。汝以楊華傷逝水，我纔秋夢了優曇（《優曇花夢》一卷，憲子為予作）。兩人結習今俱盡，一世沉冥孰更堪。閒却夏來勞倦意，坐看山翠作浮嵐。” 
1918.5.5,上海,宣古愚,书信,,5月5日至26日與張雲門、宣古愚、趙叔孺、褚禮堂、程雲岑、丁輔之、鄒安，應廣倉學會特邀舉辦古物陳列大會於哈同花園。 按：詳1912年貞社條。
1918.9.7,上海,黄節,见面,,9月7日黄節來信並詩，催撰《優曇花影序》，並告所託轉交之印譜與畫已交陳師曾等人。 黄節書：“樸存先生大教：數年契闊，旬日晤言，湖上之懷，何時能已。別後抵都，復投塵網，身謀國事，日益以非，言念我生，有兔爰之歎。足下蟬蛻濁穢，棲遲江曲，丹青自娛，視僕何如也。印拓、畫幅已交師曾、越丞，皆志感謝。《優曇花影事》，承饋我一叙，尚願速藻，擬付剞劂。少識數載蹤跡，蓋生平壯懷，亦略盡於是矣。匆遽不悉，並問起居。弟
1918.9.7,上海,黄節,见面,,黄節書：“樸存先生大教：數年契闊，旬日晤言，湖上之懷，何時能已。別後抵都，復投塵網，身謀國事，日益以非，言念我生，有兔爰之歎。足下蟬蛻濁穢，棲遲江曲，丹青自娛，視僕何如也。印拓、畫幅已交師曾、越丞，皆志感謝。《優曇花影事》，承饋我一叙，尚願速藻，擬付剞劂。少識數載蹤跡，蓋生平壯懷，亦略盡於是矣。匆遽不悉，並問起居。弟節頓首。八月三日。” 黄節《粤俗乞巧以六夕戊午七月六日為陽曆8月12日，是夕宣南燈
1918.8.12,上海,黄節,寄赠,,黄節《粤俗乞巧以六夕戊午七月六日為陽曆8月12日，是夕宣南燈火燦然，不緣乞巧，予記以詩，分寄貞壯、濱虹》：“鬱鬱奇情入怨思，初秋風露已凄其。更無可語今宵事，賸欲新題別後詩。北俗歲時異荆楚，南城鐙燭動車旗。未殊作興緣嘉會，惟有鍵關倦客知。” 按：信中“越丞”，為張福蔭（1883—1961），字樾丞，又字越臣，河北新河縣人。早年進京入琉璃厰益元齋刻字鋪學徒，後入來薰閣墨盒店兼事刻銅，開設同古堂，受知於
1919.12.6,上海,胡韞玉,寄赠,,暮春，高燮與傅熊湘、胡韞玉游京口，購得金焦周鼎雙拓本，各得若干首，印成《京錫游草》一册，夏，為其作圖題詩。 高燮書：“樸存先生惠鑒：昨由屯艮（按：傅熊湘）寄到手示並扇頁敬悉，所求之圖，亦蒙繪就，逕留屯艮處，當付精印，游草得此，增色多矣，感謝感謝。弟此次購得金焦周鼎雙拓本頗佳，屯艮屬為一併印入游草。此拓今在屯艮處，意欲請先生題數字於上，以爲增重。其題法，或但請篆書‘金焦周鼎雙拓本’數字，不署某人署某
1919.12.6,上海,胡韞玉,见面,,秋，蔡哲夫來滬相聚。蔡氏旋與胡韞玉、傅熊湘、汪子實、陳去病、徐仲可同游蘇州天平山賞紅葉。 胡韞玉《南社叢選》：“民國八年，哲夫來上海，嘗同作天平之游，頗極一時之樂。今同游諸子，子實作古，屯艮去湖南，景瞻在北京，佩忍在南京，哲夫在廣東，惟余與仲可仍居海上。”
1919.12.6,上海,胡韞玉,见面,,胡韞玉《南社叢選》：“民國八年，哲夫來上海，嘗同作天平之游，頗極一時之樂。今同游諸子，子實作古，屯艮去湖南，景瞻在北京，佩忍在南京，哲夫在廣東，惟余與仲可仍居海上。” 
1920.12.22,上海,黄節,寄赠,,仲春，黄節來書，以新作《春暖》詩相寄。 黄節書：“樸存先生：去秋奉手教並賜畫，久未裁答，人事匆匆，又迫憂患，公當諒我，不為怪也。春明起居萬福。弟棲遲猶昔，惟從事古人詩什，心力未衰，將來或有成耳。足下所得珍物，必有爲世不經見者，能見告一二否？哲夫來滬，竟未與弟通問，近亦回粤否耶？都中古物，惟璽印尚易收購，價亦不奢，足下能來一游，當有所獲。近日易君季復得佳品亦不少也。餘不悉悉。節啟。二月九日。”
1920.12.22,上海,黄節,书信,,黄節書：“樸存先生：去秋奉手教並賜畫，久未裁答，人事匆匆，又迫憂患，公當諒我，不為怪也。春明起居萬福。弟棲遲猶昔，惟從事古人詩什，心力未衰，將來或有成耳。足下所得珍物，必有爲世不經見者，能見告一二否？哲夫來滬，竟未與弟通問，近亦回粤否耶？都中古物，惟璽印尚易收購，價亦不奢，足下能來一游，當有所獲。近日易君季復得佳品亦不少也。餘不悉悉。節啟。二月九日。” 《春暖》詩：“折枝修竹緣牆活，濯榦枯猶閱歲青
1920.10.4,上海,黄節,见面,,10月，黄節南歸省親，過滬相晤，百端交集，彼此有“憂時坐老，江湖相望”之感。 李韶清《順德黄晦聞先生年譜》1920年條：“十月，南歸扺粤，省視家人及訪問故居，至是先生離粤已七年矣。”
1920.10.4,上海,黄節,见面,,冬，黄節自北京來書為羅敷庵母親慶壽代求繪圖。 黄節書：“春申再晤，匆促北來，厚誼殷勤，一一懷想，塵鞅乍息，百端交集，我輩憂時坐老，江湖永望，相同之也。敷庵羅君，最傾佩佳製，以爲取徑獨高，當時無兩。今年臘月為其母盧太夫人慶壽，都中諸友，善詩者祝詩，善畫者祝畫。羅君以金箋畫幅，屬弟達意，敬乞執事作青綠山水一張（直幅），以爲親壽，且藉大筆為榮。其意勤懇殊常，以未面執事，不敢造次陳書，視弟之誠，當邀俞允，
1920.10.4,上海,黄節,见面,,黄節書：“春申再晤，匆促北來，厚誼殷勤，一一懷想，塵鞅乍息，百端交集，我輩憂時坐老，江湖永望，相同之也。敷庵羅君，最傾佩佳製，以爲取徑獨高，當時無兩。今年臘月為其母盧太夫人慶壽，都中諸友，善詩者祝詩，善畫者祝畫。羅君以金箋畫幅，屬弟達意，敬乞執事作青綠山水一張（直幅），以爲親壽，且藉大筆為榮。其意勤懇殊常，以未面執事，不敢造次陳書，視弟之誠，當邀俞允，並乞十一月内賜寄，俾應壽日張懸，則感荷無盡。弟
1921.2.23,上海,潘飛聲,书信,,2月23日辛酉正月初四日，潘飛聲招集諸友設宴杏花春雨樓，赴宴者尚有吳昌碩、徐積餘、周夢坡、徐仲可、胡朴庵、童心安等十餘人。 潘飛聲《辛酉正月四日黄仲則先生生日，邀同吳昌碩、惲季申、陶拙存、周夢坡、徐積餘、楊子琴、朱念陶、惲堇叔、徐仲可、汪蘭皋、湯伯遲、胡朴庵、汪子實、黄濱虹、王蓴農、蔣少華、童心安，設筵杏花春雨樓敬祝，用《兩當集》中自壽詩韻二首》：“瓣香虔熱夕兼晨，茅屋高歌動鬼神。墮地豈為牛馬走，
1921.2.23,上海,潘飛聲,书信,,潘飛聲《辛酉正月四日黄仲則先生生日，邀同吳昌碩、惲季申、陶拙存、周夢坡、徐積餘、楊子琴、朱念陶、惲堇叔、徐仲可、汪蘭皋、湯伯遲、胡朴庵、汪子實、黄濱虹、王蓴農、蔣少華、童心安，設筵杏花春雨樓敬祝，用《兩當集》中自壽詩韻二首》：“瓣香虔熱夕兼晨，茅屋高歌動鬼神。墮地豈為牛馬走，忍饑惟與鳳凰親。談禪枯瘦維摩詰，下筆紛綸井大春。一片紅霞來海上，騎鯨捉月拜斯人。”（潘飛聲《說劍堂集》） 
1921.2.23,上海,黄節,书信,,春，黄節來書索畫長條細筆三青山水。 黄節書：“賓谼先生：奉手書並賜畫，甚感。前次子晉交來畫一聯五，均收領，已代送一副與敷庵矣。公畫當代第一，此非弟一人之私言，而僉論尤以細筆仿宋元為至品。弟所得公細筆三青山水極少，或者無之，能以長條（狹度）見賜，則寶愛何可言耶！此間癭公、敷庵諸君渴望公來，聞秋枚亦有北來之意，願偕來至盼。原覺已回粤否？茲草呈拙詩一紙乞教正，不盡，並問起居。弟節頓首。三月廿七日。”（陽
1921.5.4,上海,黄節,书信,,黄節書：“賓谼先生：奉手書並賜畫，甚感。前次子晉交來畫一聯五，均收領，已代送一副與敷庵矣。公畫當代第一，此非弟一人之私言，而僉論尤以細筆仿宋元為至品。弟所得公細筆三青山水極少，或者無之，能以長條（狹度）見賜，則寶愛何可言耶！此間癭公、敷庵諸君渴望公來，聞秋枚亦有北來之意，願偕來至盼。原覺已回粤否？茲草呈拙詩一紙乞教正，不盡，並問起居。弟節頓首。三月廿七日。”（陽曆5月4日） 按：畫見1961年5月
1921.6.5,上海,胡韞玉,书信,,6月5日，胡韞玉偕女湋平造訪，觀藏畫並請益。 胡韞玉書：“樸存學長有道：獲奉手教，並大作一軸，百朋之賜，謹拜嘉惠，當裝之異錦，以爲小女臨摹。吳女士（編者按：疑為吳杏芬）已將尊意轉致矣。中國學術，苦無統系，學者每興望洋之嘆。弟計畫中有《國學週刊》之發行，未知可能見諸事實？如能，書版擬請先生大作，以爲週刊增光。小女畫頗用功，惟見聞不多，鄙陋殊甚，思於本月廿九日（星期日）下午一時，挈領小女以近作呈正請益
1921.6.5,上海,胡韞玉,书信,,胡韞玉書：“樸存學長有道：獲奉手教，並大作一軸，百朋之賜，謹拜嘉惠，當裝之異錦，以爲小女臨摹。吳女士（編者按：疑為吳杏芬）已將尊意轉致矣。中國學術，苦無統系，學者每興望洋之嘆。弟計畫中有《國學週刊》之發行，未知可能見諸事實？如能，書版擬請先生大作，以爲週刊增光。小女畫頗用功，惟見聞不多，鄙陋殊甚，思於本月廿九日（星期日）下午一時，挈領小女以近作呈正請益，並讀尊藏以廣見聞，如蒙允許，敬祈覆示為荷。再
1921.6.5,上海,胡韞玉,见面,,按：《南香畫語》載於《儉德儲蓄會月刊》，自1921年11月第二卷第四期至第三卷第五期連載，上述引文載於第二卷第四期，其前綴以弁言，自述學畫經歷，末署“辛酉五月自記”。换言之，胡湋平是在隨父拜晤請教了黄賓虹之後即着手寫這篇學畫感言的，是不是受黄賓虹多讀古人畫論的囑咐，今已不得而知。《南香畫語》是篇綜合古人畫論加上習畫體會的著作，時而在某些方面流露出黄賓虹的影子，如：“有士子之畫，有畫工之畫。士子之畫
1921.6.5,上海,胡韞玉,见面,,胡韞玉、湋平父女來訪之翌日，致書胡韞玉，就其女畫崇石谷之弊而直抒己見。 與胡韞玉書：“樸安先生大鑒：昨辱枉顧，並示公子湋平所作畫，敬佩敬佩。獲談尚有未罄，拉雜陳之。畫家稱‘濃、乾、黑、淡、溼、白’六字，得用墨之秘鑰。近人林畏廬作畫，必先調三五色墨水，分別其淺深而用之。此為初學者簡易之法，直到熟境，即可不拘於此。蓋世俗以水墨淡雅為氣韻，以筆毛乾擦為骨力，因此入此途，幾數百年無人力辨其非，以學四王徒襲
1921.6.5,上海,胡韞玉,见面,,按：此信載1923年《南社叢刻》第二十二集，徐珂《天蘇閣叢刊·可言》亦有摘載，上文据原信校勘。信中所說的“掃除時習”，雖係針對胡湋平習畫取徑而發，也針對着流行於名流時賢中的陳見腐說，具有普遍意义。《南香畫語》記其從師學畫歷程就是所謂“時習”的寫照：“予初學畫於楊東山先生，先生恒教以臨《芥子園畫譜》為第一步。‘五日一石，十日一水’，樹石之法既熟，然後以古畫爲參考，詳玩用筆用墨之法，細究佈置之方，下筆
1921.6.5,上海,黄節,见面,,5月，作長條畫兩幀並加長題寄贈黄節，其一款署“辛酉四月，仿元人法寫博晦聞先生粲正，賓谼質”。 黄節書：“賓谼先生：日前寫寄拙詩，想經詧覽，就維起居萬福至慰。聞羅君原覺尚未回粤，想有過從。又聞秋枚日内有來京消息，此時尤盼公與同來，得圖良晤，不盡翹企。茲有舊羅文紙二張，乞公作小長直幅三青山水，得公賜畫多矣，而長幅無之。都下人士見公畫，咸為嘆服，欲效工部作題畫長幅奉贈，塵念無佳趣，事亦屢輟，如何如何！手
1921.5.20,上海,黄節,见面,,黄節書：“賓谼先生：日前寫寄拙詩，想經詧覽，就維起居萬福至慰。聞羅君原覺尚未回粤，想有過從。又聞秋枚日内有來京消息，此時尤盼公與同來，得圖良晤，不盡翹企。茲有舊羅文紙二張，乞公作小長直幅三青山水，得公賜畫多矣，而長幅無之。都下人士見公畫，咸為嘆服，欲效工部作題畫長幅奉贈，塵念無佳趣，事亦屢輟，如何如何！手問起居不悉。弟節頓首。四月十三日。”（1921年5月20日） 按：畫刊於1961年香港出版《黄
1921.5.20,上海,狄平子,书信,,鄭逸梅《上海〈時報〉和有正書局》：“在1921年左右，狄平子請沈能毅任總務，沈認爲白報紙有上漲趨勢，勸狄盡量多購，狄信任他，便購入大量報紙，不料購入後紙價大跌，狄損失很大，因此資金不能周轉，不得已由陳景韓介紹，把該報讓給松江人黄伯惠。” 
1921.6.23,上海,黄節,寄赠,,黄節以劉心源《古文審》並辛亥年作《報濱虹寄畫》詩見寄。 黄節書：“昨寄一函後，乃得都下新印劉心源《古文審》一篇，其釋古文多翻昔人前案，亦有可采者，僅以寄公，舊詩並附。賓虹先生。節頓首。（按：詩詳1911年條）此辛亥之詩，記當時未寄賓虹，去今十年，宣南雨中，檢舊稿見此，乃補寫寄上。不意十年，吾兩人情况如舊，而又駸駸老矣。賓虹先生。辛酉六月三十日，黄節。”（陽曆8月3日）
1921.8.3,上海,黄節,寄赠,,黄節書：“昨寄一函後，乃得都下新印劉心源《古文審》一篇，其釋古文多翻昔人前案，亦有可采者，僅以寄公，舊詩並附。賓虹先生。節頓首。（按：詩詳1911年條）此辛亥之詩，記當時未寄賓虹，去今十年，宣南雨中，檢舊稿見此，乃補寫寄上。不意十年，吾兩人情况如舊，而又駸駸老矣。賓虹先生。辛酉六月三十日，黄節。”（陽曆8月3日） 
1922.12.26,上海,蔡守,书信,,年初，談月色脫僧籍，歸於蔡守，索寫《舊時月色圖》。 自題：“古溶女德索寫《舊時月色圖》以名其樓，草草不工，即希法鑒。賓虹。”
1922.6.13,上海,宣古愚,寄赠,,宋若嬰《黄賓虹回憶錄》：“吳待秋先生在上海商務印書館擔任美術編輯，吳君辭職後，邀他（指黄賓虹）任職。這時候我們居住在一家紹興人家的樓上（閘北香興里），房間狹小，他手頭只有數十方銅印和十幾幅古畫。住家離開商務印書館很近（寶山路），我正在生映宇。有一天晚上他的老朋友宣古愚同一個日本人來我家看古印。他們走後，我與他聊天。手裏拿着古印，古印上有鎏金的，在燈光下金光閃爍。他說：‘人好呢？還是印好？’我回答說
1922.6.13,上海,胡韞玉,书信,,胡韞玉《國學叢選》：“（黄賓虹）尤癖印，藏周秦古璽為海上之冠，屢次被人盗竊，卒展轉以復舊觀。客歲所藏精品，因鄰居失火，又爲人竄去，朋輩為之悼惜，賓虹殊為坦然。余謂賓虹之印，又可再復舊觀，蓋不以失之而灰心，則得之必有日也。” 
1922.10.21,上海,黄節,书信,,秋日，為黄節寫山水扇。 自題：“壬戌秋日，寫應晦聞先生屬正。賓虹質。”（《黄賓虹全集》第一集）
1923.12.17,上海,黄節,书信,,孫中山開府兩粤，任命黄節為元帥府秘書長，派陳樹人專程赴北平迎接。1月南旋，過蘇州訪章太炎、王秋湄，至杭州訪諸貞壯，諸貞壯在黄節下榻處為王秋湄題扇。 按：黄節過滬與黄賓虹之交往待考。
1923.12.17,上海,黄節,书信,,按：黄節過滬與黄賓虹之交往待考。 
1923.3.30,上海,胡韞玉,书信,,3月30日胡韞玉來信介紹黄居素拜師習畫。 胡韞玉書：“賓虹先生大啟：手教奉悉，已轉致意黄君，黄君即照遵示，意欲具束脩以上，不知此前相從先生問業者有成例否？敢請便中示知。即頌大安。弟胡韞玉謹啟。二月十四日。（李少川住慕爾鳴路潤德里一百五十九號。黄居素住金神父（路）三百四十九號。）”
1923.3.30,上海,胡韞玉,见面,,胡韞玉書：“賓虹先生大啟：手教奉悉，已轉致意黄君，黄君即照遵示，意欲具束脩以上，不知此前相從先生問業者有成例否？敢請便中示知。即頌大安。弟胡韞玉謹啟。二月十四日。（李少川住慕爾鳴路潤德里一百五十九號。黄居素住金神父（路）三百四十九號。）” 按：黄居素（1896—1986），字静安，廣東中山人。早歲留學美國，回國後任中山縣縣長，1924年孫中山任命其代理中國國民黨海外部部長。曾任陳炯明機要秘書，因政
1923.3.30,上海,胡韞玉,见面,,胡韞玉主編《民國日報·國學週刊》來函約稿，為撰《賓虹畫語》。 《賓虹畫語》：“古人學畫，必有師授，非經五七年之久，不能卒業。後人購一部《芥子園畫譜》，見時人一二紙畫，隨意圖抹，已覺貌似，作者即自鳴得意，觀者亦欣然許可，相習成風，一往不返。士夫以從師為可醜，率爾作畫，遂題爲倪雲林、黄子久、白陽、青藤、清湘、八大，太倉之粟，仍仍相因，一丘之貉，夷不為怪，此畫法之不研究也久矣。要知雲林從荆浩、關仝入手，
1923.5.20,上海,胡韞玉,见面,,5月20日，應約與胡韞玉、朱尊一在儉德儲蓄會叙晤。 胡韞玉書：“賓虹先生大鑒：大著（按：即《賓虹畫語》）奉讀，已抄付第二期週刊矣，以後懇乞源源賜下。五月二十日（星期，陰曆四月初五）午十二時，尊一與弟請先生在界路北山西路口五號儉德儲蓄會便飯，務乞惠臨是禱。順頌著安。弟胡韞玉謹啟。五月十四日。”
1923.5.20,上海,胡韞玉,书信,,胡韞玉書：“賓虹先生大鑒：大著（按：即《賓虹畫語》）奉讀，已抄付第二期週刊矣，以後懇乞源源賜下。五月二十日（星期，陰曆四月初五）午十二時，尊一與弟請先生在界路北山西路口五號儉德儲蓄會便飯，務乞惠臨是禱。順頌著安。弟胡韞玉謹啟。五月十四日。” 按：朱尊一（1891—1971），名貫成，室名壯悔堂，安徽涇縣人。工篆刻。著有《壯悔堂印說》。此際與胡韞玉同執《儉德儲蓄會月刊》筆政。
1923.5.20,上海,胡韞玉,书信,,按：朱尊一（1891—1971），名貫成，室名壯悔堂，安徽涇縣人。工篆刻。著有《壯悔堂印說》。此際與胡韞玉同執《儉德儲蓄會月刊》筆政。 
1923.5.27,上海,胡韞玉,见面,,5月27日，應胡韞玉約與陶牧叙晤。 胡韞玉書：“賓虹先生大鑒：手教讀悉。小柳現在北京善會議秘書處辦事。柱尊先生屢欲把晤，皆以事未果。星期日（明日）準四時後到大馬路尊處再同赴豫豐泰也。即頌著安。弟胡韞玉。四月十日。”
1923.5.27,上海,胡韞玉,见面,,胡韞玉書：“賓虹先生大鑒：手教讀悉。小柳現在北京善會議秘書處辦事。柱尊先生屢欲把晤，皆以事未果。星期日（明日）準四時後到大馬路尊處再同赴豫豐泰也。即頌著安。弟胡韞玉。四月十日。” 按：陶牧（1874—1934），字伯蓀，號小柳，南社社友，貞社社員。早年游幕四方，後居蘇滬。現存其致譜主信一通，年月不詳，信文如下：朴存先生賜鑒：違教二月，悵悵。弟蟄居吳門，幸逃一劫，然亦殆矣。南北底定，延陵縱跡何向，能
1923.7.28,上海,胡韞玉,见面,,7月28日，胡韞玉偕童大年來寓觀藏畫。 胡韞玉書：“樸存先生大鑒：日前晤譚甚快，且蒙召讀尊藏，極喜。準明日下午一時至二時趨謁，並與心安兄偕來。謹此奉聞。專頌大安。弟韞玉手啟。六月四日。”
1923.7.28,上海,胡韞玉,见面,,胡韞玉書：“樸存先生大鑒：日前晤譚甚快，且蒙召讀尊藏，極喜。準明日下午一時至二時趨謁，並與心安兄偕來。謹此奉聞。專頌大安。弟韞玉手啟。六月四日。” 按：童大年（1874—1955），字心安，一作心盦。江蘇崇明（今屬上海）人。南社社友，篆刻家，精研六法，清末即參加書畫社團。
1923.7.25,上海,胡韞玉,书信,,7月25日《國學週刊》開始連載《中國畫史馨香錄》，然植字錯過多，胡韞玉來書解釋並索稿。 胡韞玉書：“賓虹先生惠鑒：接奉手書並大著，讀悉一一。週刊字極多，其原因非盡罪校對不力，實因附日報發行排印，日報手民之習慣，草率成爲天性，往往誤處悉已校出，迨至出版，其如故。弟思減少字，惟有將原稿重為繕清，下期試辦，不知可能稍好否。足疾略愈。大著仍希源源惠下。敬頌著安。弟胡韞玉啟。五月十日。”
1923.7.25,上海,胡韞玉,书信,,胡韞玉書：“賓虹先生惠鑒：接奉手書並大著，讀悉一一。週刊字極多，其原因非盡罪校對不力，實因附日報發行排印，日報手民之習慣，草率成爲天性，往往誤處悉已校出，迨至出版，其如故。弟思減少字，惟有將原稿重為繕清，下期試辦，不知可能稍好否。足疾略愈。大著仍希源源惠下。敬頌著安。弟胡韞玉啟。五月十日。” 
1925.12.19,上海,狄平子,书信,,宋若嬰《黄賓虹回憶錄》：“到池州後他天天寫生作畫，不久再遷回上海。有正書局狄平子先生把他請去編《中國名畫集》，我們仍然住在有正書局工房裏。那時狄平子到有正書局工廠來，總要到我家來坐坐。”（《浙江省博物館系年》，黄鶯著，北京圖書館出版社2007年7月版） 
1925.3.14,上海,黄節,寄赠,,春，贈黄節、唐天如畫，3月14日黄節來信再索作《箋詩圖》，並詢欲在滬印行新著《謝康樂詩注》事。 黄節書：“賓谼先生：奉書並賜畫，復稔起居無恙，至慰。唐君函來，云承法繪見賜，深為感泐。最近佳製欲得快覩，敢郵上舊紙斗方（横）四張（函内一張乞作《箋詩圖》横幅），乞暇時賜繪，受賜無量矣。都中畫家自湯定之外，少無惡氣者，古法不講，競於時趨，或以顔色取勝，比比皆是。海内出公右，更有何人！弟箋詩未竟，亦嘆數百年
1925.3.14,上海,黄節,寄赠,,黄節書：“賓谼先生：奉書並賜畫，復稔起居無恙，至慰。唐君函來，云承法繪見賜，深為感泐。最近佳製欲得快覩，敢郵上舊紙斗方（横）四張（函内一張乞作《箋詩圖》横幅），乞暇時賜繪，受賜無量矣。都中畫家自湯定之外，少無惡氣者，古法不講，競於時趨，或以顔色取勝，比比皆是。海内出公右，更有何人！弟箋詩未竟，亦嘆數百年來，詩之古法亦不講久矣。以是發憤為箋漢魏樂府及六朝鮑、謝諸集，今謝康樂已成（詩注）未印，鮑明遠（
1925.3.14,上海,胡韞玉,见面,,春，仍任職商務印書館。胡韞玉來書催《中國畫史馨香錄》續稿。 胡韞玉書：“賓虹先生大鑒：昨晤藹農，知大駕今已返滬，茲送上《國學彙編》第二集兩部，即乞台收爲荷。尊稿《馨香錄》請陸續賜下付刊，以成完璧。先前託商務代售之《國學彙編》，其摺據未蒙交下，不便結帳，請即清出，便中付下為禱。即頌大安。弟胡韞玉啟。”
1925.3.14,上海,胡韞玉,见面,,胡韞玉書：“賓虹先生大鑒：昨晤藹農，知大駕今已返滬，茲送上《國學彙編》第二集兩部，即乞台收爲荷。尊稿《馨香錄》請陸續賜下付刊，以成完璧。先前託商務代售之《國學彙編》，其摺據未蒙交下，不便結帳，請即清出，便中付下為禱。即頌大安。弟胡韞玉啟。” 按：藹農即黄葆戉（1880—1968），戊一作鉞，號青山農。福建長樂人。精隸書，工篆刻，兼善繪畫。供職商務印書館，與黄賓虹同事。《中國畫史馨香錄》並未再賡續，
1925.4.8,上海,狄平子,书信,,又：“發起人：狄平子、汪瘦岑、孫純齋、何實齋、黄賓虹、陶明霞、虞澹涵、談玲君、宋若嬰、汪旭雲。” 存考：這份章程因宋若嬰夫人作爲黏貼黄賓虹主編《美術週刊》所撰部份文章的剪報而幸存下來，藉此可以揭開藝觀學會一些鮮爲人知的内情。我們現在看到的翌年出版的《藝觀畫報》、《藝觀》雜志第一集和1929年出版的《藝觀》雜志第二期到第六期，原來並非由有正書局和神州國光社出資印行的。它們是集資出版的同人刊物。署名發
1925.11.22,上海,胡韞玉,书信,,存考：這份章程因宋若嬰夫人作爲黏貼黄賓虹主編《美術週刊》所撰部份文章的剪報而幸存下來，藉此可以揭開藝觀學會一些鮮爲人知的内情。我們現在看到的翌年出版的《藝觀畫報》、《藝觀》雜志第一集和1929年出版的《藝觀》雜志第二期到第六期，原來並非由有正書局和神州國光社出資印行的。它們是集資出版的同人刊物。署名發起人中，既有有正書局主人狄楚青，也有主持過《神州日報》的汪彭年，同時也有黄賓虹的夫人、親友和學生。
1925.10.25,上海,蔡守,书信,,蔡守書：“乾隆厚羅紋紙，對折小册十六頁，求賜繢焦墨粗筆山水，題與‘月色女’，祇此三字，幸勿再加稱呼。乙丑十月廿日。弟守頓首。” 按：談月色於壬戌（1922）二月十二日歸於蔡守，見徐珂《天蘇閣叢刊·可言》卷五。
1925.10.25,上海,蔡守,书信,,按：談月色於壬戌（1922）二月十二日歸於蔡守，見徐珂《天蘇閣叢刊·可言》卷五。 
1926.2.20,上海,黄節,寄赠,,暮春，黄節書贈自作詩屏。 黄節《清明後一日作》：“已催新綠過清明，作興東風驀地生。早落杏花成幾樹，不消鶗鴂再三鳴。榆柳櫨梨桃李梅，紫丁紅藥大櫰槐。羣鶯落得争枝亂，國事如今盡可哀。清明後一日作，寫寄賓虹我兄先生兩政。丙寅三月黄節錄詩。”（1933年12月20日申報）
1926.12.20,上海,黄節,寄赠,,黄節《清明後一日作》：“已催新綠過清明，作興東風驀地生。早落杏花成幾樹，不消鶗鴂再三鳴。榆柳櫨梨桃李梅，紫丁紅藥大櫰槐。羣鶯落得争枝亂，國事如今盡可哀。清明後一日作，寫寄賓虹我兄先生兩政。丙寅三月黄節錄詩。”（1933年12月20日申報） 
1926.12.20,上海,黄節,书信,,按：滄蓱，即李滄萍，生卒年不詳，廣東豐順人，黄節得意弟子，北京大學畢業後任廣州中山大學教授。其胞弟韶清爲黄節女婿，1934年共同署名於黄賓虹七十壽辰紀游畫册。 
1926.12.20,上海,蔡守,寄赠,,初夏，蔡守爲《藝觀》雜志提供文稿，並代楊鐵夫乞畫。 蔡守書：“賓虹先生有道：初三日曾上一書，並硯拓二紙、馮女士寫詩一紙、三體石經□石拓本一紙，計可早到。頃得楊鐵夫來書云，請寫册子、扇子，欲送筆金十二元，囑先容，今即將其來書奉覽，並乞俛允爲幸。又得鄒景叔兄惠寄之所藏漢琮畫象拓本一紙，欣喜之至，但無第二拓，未知尊處能惠我否？盼切盼切。今夕在高八家已見《藝觀》第四號，但弟處仍未到，未知是否亦交天祥寄來，
1926.12.20,上海,蔡守,寄赠,,蔡守書：“賓虹先生有道：初三日曾上一書，並硯拓二紙、馮女士寫詩一紙、三體石經□石拓本一紙，計可早到。頃得楊鐵夫來書云，請寫册子、扇子，欲送筆金十二元，囑先容，今即將其來書奉覽，並乞俛允爲幸。又得鄒景叔兄惠寄之所藏漢琮畫象拓本一紙，欣喜之至，但無第二拓，未知尊處能惠我否？盼切盼切。今夕在高八家已見《藝觀》第四號，但弟處仍未到，未知是否亦交天祥寄來，念念。弟於三月十二日、十七日連付公函件，未得裁示，至
1927.8.25,上海,宣古愚,书信,,按：《黄賓虹文集》録自原稿，與此處所引文字略異。原稿有删改，底稿“友人”處爲“宣古愚（哲）”。黄大德先生在其《地北天南慰思存——黄賓虹與廣東畫壇》中有考證，以高劍父本年二三月間有東渡之行，歸粤後有復古傾向，定爲本年事。 
1927.8.25,上海,黄節,见面,,5月，黄節大病甫愈，以自書詩扇託胡子賢帶滬饋贈。 公元1927年民國十六年丁卯六十四歲黄節書：“賓谼先生：奉手書，承賜畫幅，至慰至謝。弟病未復元，手足尚顫，未能南歸，欲晤之誠，有同飢渴。茲因敝親中表胡子賢君南下，託其帶上扇頁一張，寫上拙詩呈教。胡君書畫並擅專長，情意肫篤，留滬兼旬，當得與公鬯談也。尚有餘暇，乞畫扇面一頁，順附胡君北來，至感至感。此候起居不一。弟節頓首。四月二十二日。”
1928.11.30,上海,黄節,寄赠,,1月，作畫寄黄節。 黄節《除夜答賓虹寄畫》：“千方思慰我，繪事乃其餘。世薄知貧友，民窮趣夜除。一寒多贈問，留歲為裁書。來與年俱改，春鐙亦不如。”
1928.11.30,上海,黄節,寄赠,,黄節《除夜答賓虹寄畫》：“千方思慰我，繪事乃其餘。世薄知貧友，民窮趣夜除。一寒多贈問，留歲為裁書。來與年俱改，春鐙亦不如。” 
1928.11.30,上海,胡韞玉,寄赠,,3月，與汪聲遠、胡韞玉、蕭蛻公舉辦國畫補習班。 《國畫補習社招生》廣告：“本社以發達國畫技能爲主，以精密簡捷方法教授，務使學者得實益而獲速效。簡章函索即寄。社址：上海老西門内翁家弄鼎新里三號。發起人黄賓虹、胡樸安、蕭蛻公、教授汪聲遠同啟。原名上海國畫學校，茲因手續未完，先設補習，俟充分籌備，繼續開辦。”
1928.4.6,上海,黄節,书信,,4月初，黄節應廣東省政府主席李濟深敦請，回粤任廣東省教育廳廳長、廣東省通志館館長之職，道經上海，老友重逢，置酒話舊。 李韶清《順德黄晦聞先生年譜》1928年條：“4月初抵上海，滬上舊交黄賓虹、湯定之、鄧秋枚置酒話舊。”
1928.12.1,上海,黄節,书信,,戊辰三月，黄節赴廣州就任教育廳廳長，過滬未值。 按：是年“三月廿九日”王秋湄（薳）致譜主書有云：“日前晦聞在扈（滬），共期雅教，相左良悵。”
1928.9.5,上海,黄節,书信,,按：定謨即陳定謨，晦聞即黄節。羅莘田，名常培（？—1958），滿族人，畢業於北大中文系，長於音韻學。顧頡剛（1893—1980），原名誦坤，江蘇吳縣人。1920年北京大學畢業，歷任北京大學、厦門大學、中山大學、燕京大學教授，以及史學研究員等職，主編《文史》。新中國成立後，任中國科學院哲學社會科學部研究員。編著有《古史辨》、《中國當代史學》等。 
1928.9.11,上海,黄節,见面,,《國畫會歡迎黄賓虹紀——黄君演述世界上美術之流派》：“國畫會定期（9月）9日在六榕寺（按：國畫研究會的會所設在六榕寺内）歡迎畫家黄賓虹，並請黄君演講一節，以志前報。昨日期屆下午一時開會，鐵禪、幼菊、浩公、至（致）中、君璧等繼續蒞會，由馮湘璧恭讀總理遺囑，鄧誦先主席宣佈開會理由，並致歡迎詞，隨請黄賓虹演講，由周鼎培、盧子樞筆記。此次演講甚有價值，先演述世界美術之流別，繼將中國畫學淵源、南北宗派與三筆
1928.9.11,上海,蔡守,书信,,拜訪蔡守，出示在灕江所得孟麗堂畫，亟稱其宿墨之妙，蔡氏與夫人張傾城、談月色相與欣賞，並臨摹一幀。 蔡哲夫自題：“第七十八著雍執徐秋七月，吾友黄子賓虹桂林翰山歸，過我談藝，出示在灕江得孟麗堂畫甚夥，因呼室人共欣賞。賓虹亟稱麗堂能用宿墨，故賦色亦古艷，即與傾城、月色同是幀。蔡守記。”（1930年《式園時賢書畫（一）》）
1928.9.11,上海,蔡守,寄赠,,蔡哲夫自題：“第七十八著雍執徐秋七月，吾友黄子賓虹桂林翰山歸，過我談藝，出示在灕江得孟麗堂畫甚夥，因呼室人共欣賞。賓虹亟稱麗堂能用宿墨，故賦色亦古艷，即與傾城、月色同是幀。蔡守記。”（1930年《式園時賢書畫（一）》） 按：是幀於1930年贈王鯤徙（式園），上有蔡哲夫重題：“是歲十月十三日為何叙甫大將軍遂夫人陳坤立三十五生朝，有侯官林凉生大將軍之夏寄陳白陽《富貴神仙圖》為壽，即此本也，方知孟麗堂亦
1928.9.11,上海,蔡守,寄赠,,按：是幀於1930年贈王鯤徙（式園），上有蔡哲夫重題：“是歲十月十三日為何叙甫大將軍遂夫人陳坤立三十五生朝，有侯官林凉生大將軍之夏寄陳白陽《富貴神仙圖》為壽，即此本也，方知孟麗堂亦有所本，而山人是圖迺吾粤吳小荷舊藏也。順德蔡守寒瓊又志於黄埔軍校。” 
1928.10.6,上海,潘飛聲,寄赠,,按：“挹珊先生”，田姓。《機絲夜月圖題詠集》之緣起見於田福祺識，錄於下：福祺垂垂老矣。憶少時隨侍先君子賓游皖幕，先君子於案牘餘暇，耽志詞章，規撫六朝，含咀唐宋，往往抽繹詩心見諸繪事，論者堪與改、費抗手，繪成輒為朋輩取去襲藏，尠留存者。惟清同治甲戌歲在皖垣幕時所作《機絲夜月圖》一幅並題《金縷詞》一曲，寄意綿邈，當時知交賞歎，絡繹題詠，厥後曆游大江南北，繼應臺灣劉中丞聘經畫田賦，行篋中輒載是圖，一時名
1928.10.25,上海,蔡守,书信,,按：黄賓虹撰輓詩並題“節孝高母李太夫人哀思錄”，署“歙黄賓虹敬題”，唐文治、傅熊湘、余天遂、姚錫鈞、朱梁任、鄧實、蔡守、過遇春、劉三、朱天梵、楊了公、陳陶遺、金天翮皆有詩文志悼。李氏無出，以伯兄次子高燮為嗣，撫養成人。 
1928.10.12,上海,宣古愚,见面,,按：秋英會展覽會由趙半跛、謝公展發起。爲此，10月12日他們宴請上海文藝界人士，以生有《秋英會之宴》之記，刊於10月14日《申報》，照錄如次：“前日漢陽趙半跛、鎮江謝公展同宴海上文藝界諸君於大加利酒樓。先期柬邀曾農髯、潘蘭史、朱古微、王一亭、吳待秋、徐朗西、曾公冶、汪英賓、周瘦鵑、唐吉生、馮超然、陳小蝶、丁慕琴、符鐵年、馮臼庵、丁雲先、吳子鼎、楊清磬、王禹襄、張聿光、汪聲遠、錢病鶴、李浩然、王西神
1928.12.1,上海,狄平子,见面,,按：李薇莊名厚礽，1873年生，是寧波巨富李也亭之孫，辛亥革命前數年，任江蘇裕蘇官錢局總辦。李家是大家族，分乾、坤兩房，李薇莊是坤房七人之一。1908年李薇莊遊日，通過在日的世交趙家藝加入同盟會。回國後，利用他的地位為革命黨人輸送資金。由於資金出現巨虧而暴露，以舞弊案鋃鐺入獄。這就是清朝覆亡前轟動一時的“李氏破産案”。此案糾纏了好幾個月，直至上海光復，李薇莊才恢復自由。出獄不久他與于右任、伍廷芳、
1929.3.7,上海,狄平子,讣告,,玉《藝苑春宴集畫記》：“三月三日正午，滬西林蔭路藝苑繪畫研究所有盛大之宴會，由創辦人江小鶼、王濟遠、朱屺瞻、張辰伯四氏柬邀海上文藝界名流，到會者有王一亭、陳樹人、何香凝、經亨頤、徐志摩、邵洵美、周瘦鵑、丁悚、陳小蝶、吳湖帆、李祖韓、李秋君、唐藴玉、金啟静、張聿光、方介堪、黄賓虹、俞劍華、王陶民、狄平子、錢瘦鐵、王師子、商笙伯、沈子丞、邱代明、王遠勃、吳仲熊、張大千、張善孖、馬孟容、樓辛壺、鄭午昌、
1929.4.9,上海,狄平子,见面,,俞劍華《雜文一束》“教育部全國美術展覽會古畫參考品總目錄”：“曾農髯十件，神州國光社黄賓虹君九十四件，大風堂出品（張善孖、張大千君）四十二件，平等閣出品（狄平子君）七十八件，黄伯雨出品四十一件，哈少甫君出品二十九件，宣古愚君出品二件，顧果亭出品（李拔可君）三十三件，金頌清君出品三十件，樊氏學稼軒出品十八件，秦清曾君出品三十件，白山夫君出品九件，李祖韓君出品九件，王文心君出品十八件，吳湖帆君出品九件
1929.7.1,上海,傅雷,见面,,拙文《憑虛取神蹠實取力——黄賓虹畫學的虛實之變》：“與其說，以其渾厚華滋面貌特異的作品貢獻給藝林，毋寧說，黄賓虹更側重以藴含中國古代哲理的畫學智慧尋求中國畫的再生。在歐風東漸大浪潮的衝擊下，疲而乏力的、被日蹙的生計拖累得無暇自顧的畫壇陷入無所措手的逆境。於是，有識之士開始思考中國畫的未來。較之應對的第一反應走‘以夷變夏’或‘中西融合’易於為功的道路，黄賓虹選擇了一條更爲險峻，也更爲苦澀的道路。當中
1929.7.5,上海,蔡守,见面,,7月5日己巳五月廿九日蔡守來書，屬與黄居素通融，請其與廣東省政府主席陳真如說項，委其為仲元圖書館館長職。回書說明在神州國光社工作實況，請其不必期望太過。 蔡守書：“賓虹道丈侍右：聲問久闕，時以為念。弟自春間何敘夫將軍離軍校，弟即辭職閒居。前日晦聞亦棄官去國，弟棲之五羊市上，益為寡歡。且分寓廣州、香港兩地，皆甚于長安居之大大不易，更不知何以為活計耳。比聞廣州越秀山頭仲元圖書館已將落成，而館長人選尚未
1929.7.5,上海,蔡守,见面,,蔡守書：“賓虹道丈侍右：聲問久闕，時以為念。弟自春間何敘夫將軍離軍校，弟即辭職閒居。前日晦聞亦棄官去國，弟棲之五羊市上，益為寡歡。且分寓廣州、香港兩地，皆甚于長安居之大大不易，更不知何以為活計耳。比聞廣州越秀山頭仲元圖書館已將落成，而館長人選尚未定。素聞居素先生與陳主席（真如）摯交，倘得一言，定能有效。務乞執事念弟貧乏至此，鼎力與居素言，請其鄭重致函陳真如，推薦弟為仲元圖書館長（張景齋因任潮關係已
1929.7.5,上海,蔡守,见面,,與蔡守書：“哲夫先生鑒：前月曾上寸緘，由黄埔校轉，未蒙示及，諒己浮湛。頃得手書並惠夫人墨寶，秀勁多古意，欽佩欽佩。居素今年奔走南北，極形忙碌，前月因其 家眷有肺病，同往廬山養靜，至今未返滬。晤時當代述尊意，能否照辦，無把握耳。以渠性質上文藝外，不甚聽從，即弟薦一二社夥，不久為之遣去，政治上尤覺無效。友人黄懺華前在時報主筆，曆辦黨務，春間來滬，由弟介紹一晤。懺華亦研究佛學有得，同為粵人，近仍在黨部秘
1929.7.5,上海,蔡守,见面,,與蔡守書：“哲夫先生大鑒：頃誦手書，聆悉已晤居素，慰甚。國光社自接辦以來，僕僅與聞編輯部分，其他計畫，皆茫然罔覺。近今皆辦党中人問事。一切排場，非書肆態度，極與化妝品、中山襪店無異。（悶葫蘆一個，從來不告我是非，此可為知己言之，切勿示人，令人厭我輩習氣也，反增意外，何如？）舊友過市者，莫不訝 為奇事。（張諟齋來申見之，浩歎而去。）僕每月祗受其五十元薪水，又居素另補我五十元車馬，終日編輯，與接見熟人
1929.8.22,上海,黄節,书信,,8月，黄節辭去廣東省教育廳廳長職，至澳門稍作逗留，旋於月初來滬，下榻東亞旅館。 
1929.8.5,上海,黄節,见面,,按：余紹宋（1883—1949），字越園，號寒柯，浙江龍游人，著名學者兼書畫家。曾任北京政府司法部僉事、參事、次長等要職，與黄節同爲修訂法律館顧問，於1915年與湯定之等發起畫會，著有《畫法要録》、《書畫書録解題》等。1928年辭職定居杭州。與黄節爲莫逆交，得黄節至滬消息，立即赴滬相晤。 
1929.8.9,上海,黄節,见面,,9月初，寫扇面與篆聯寄贈余紹宋，並附函詢問黄節事，告以在續編《美術叢書》第四集四十册，徵求文獻。 《余紹宋日記》9月6日條：“賓虹寄扇葉、楹帖來，並函問晦聞事，又云欲續編《美術叢書》，徵求材料，當告以前三集體例非宜，必須改正，録提要一篇寄去。”
1929.10.19,上海,狄平子,见面,,《中日現代繪畫展覽會開始鑒別》：“中日現代繪畫展覽會宣稱：本會籌備已久，關於鑒別委員會事，尤為鄭重，特於上月召集發起人會，用記名投票法選舉之，除到會人當場票選外，其不列席之諸發起人，再由會中備函通知，舉行選舉，以資慎重。結果以狄平子、黄賓虹、王一亭、丁輔之、葉譽虎、趙叔孺、吳湖帆、李祖韓、張善孖、姚虞琴、商笙伯、哈少甫、金潛庵、高劍父為最多數當選，鄭午昌、鄭曼青、陳樹人、褚禮堂、程瑶笙爲次多數。前
1929.11.11,上海,狄平子,见面,,虎《參觀中日現代繪畫展覽會》：“余最嗜書畫，舉凡書畫展覽會，莫不欣然往觀。中日繪畫展覽會組織已久，始於本月1日在徐園揭幕禮。聞前往觀者甚為踴躍。此次中國畫陳列極有順序，分爲人物、花木、鳥獸、蟲魚、山水五部，各部分別陳列，參觀者易於查考。第一、第二部分陳列花木，首先丁輔之所作之《丹荔石斛》，用筆工麗脫俗。狄平子之《六根清静》，瀟灑入古。經亨頤之《竹》，謝公展之《荷》，馬瑞圖之《松菊》，用筆奔放不凡。
1929.11.2,上海,狄平子,寄赠,,《中日現代畫展覽開幕》：“上午十時，中日兩國出席代表暨來賓四百餘人，齊集於康腦脫路徐園大禮堂，舉行揭幕儀式。首由王一亭司儀，楊清磬記錄，張岳軍市長行揭幕禮。茲分述如下：△張市長致開會詞（略）△日總領重光葵演説（略）△工商部孔部長代表、日本東方文化事業部長坪上、日方畫家代表荒畝演述兩國畫家携手為世界美術地位努力意義，詞長從略。末復由中國畫家代表狄平子致答詞，葉譽虎致謝詞。△中國畫家代表狄平子致答詞，
1929.12.14,上海,狄平子,书信,,《中日現代繪畫展覽會出品會結束報告》：“12月14日，中日現代繪畫展覽會出品會開第二十五次委員會，到者王一亭、葉玉甫、狄平子、李祖韓、張善孖、姚虞琴、王濟遠、王茝孫、江小鶼、李秋君等，經會計王茝孫報告，中日現代繪畫展覽會賬目，計總共支出洋六千一百五十四元四角三分，除收入券資等洋二千七百八十九元五角一分外，實尚不敷洋三千三百六十四元九角二分，當由中日雙方各半分擔，其我國應任之一千六百八十二元四角六分
1930.5.24,上海,傅雷,书信,,筆者《顧飛訪談》：“顧飛先生：1930年初，我的二兄顧倫布自法國歸來（表弟傅雷就是由他帶去的），對我說：‘我國科學技術不如人，祇有藝術還拿得出來和人家一較高下，我看你還是好好學畫吧！’説到擇師一事，二兄說我看還是黄賓虹學問深畫藝取法高，不致人子弟。於是擇日偕我帶了蠟燭等行拜師禮的一應東西到西成里黄先生家，二兄便要照老規矩行拜師禮，黄先生忙說：‘免了免了！’於是我躹了三個躬，算是正式拜師了。那時黄先
1930.5.30,上海,傅雷,见面,,存考：馬古烈G.Margoulies爲巴黎大學文學博士，法國教育部派來中國考察中國高等教育專員，本年二十八歲，精通十一國語言，操一口流利的華語。來滬考察期間，按計劃先後在中國公學、復旦大學、滬江大學、同濟大學、交通大學、大夏大學等校演講。5月30日中央研究院院長邀本市數十位大學校長聚會，歡宴馬氏。黄賓虹致傅雷信有云“法人馬古烈談選學，伯希和言考古，意之沙龍，瑞典喜龍仁，德國女士孔德，芝加哥教授德里
1930.11.20,上海,宣古愚,书信,,《安徽叢書》編審會名譽會員題名：李彊村、汪鞠友、周叔迦、金松岑、宣古愚、冒鶴亭、洪範五、胡適之、徐森玉、馬一浮、姚石子、高吹萬、陳乃乾、張菊生、許際唐、傅沅叔、黄晦聞、諸貞長、羅叔言等九十六人。編審會會員題名：江彤侯（《安徽叢書》編印處主任）、李光炯、汪孟鄒（編印處辦事員）、胡樸安、徐積餘、黄賓虹、程霖生、程演生等十七人。 按：程演生（1888—1955 ） 又称衍生，字源铨，别号天柱外吏、寂寞程
1931.12.12,上海,宣古愚,见面,,黄般若《憶賓虹老人》：“我丙寅年（1926年）到上海，到步之時，馬上往訪賓虹老人、易大厂、王秋齋等。賓虹老人那時住在上海西門路，他樓下是張善孖、大千的寓所，門前有‘曾李同門會’的木刻牌匾。當時張大千先生剛往日本，未得晤面。賓虹老人替我安排欣賞幾個大收藏家的藏品，復得到老人的紹介，獲得八大山人的《游魚圖》和石濤上人的《三清圖》。八大山人的《游魚圖》是一張二尺多長的堂幅，當中祇畫一條魚，上下不畫水而有
1931.4.11,上海,狄平子,书信,,“閻甘園個展第一日”報導：“晚照樓主閻甘園先生以其近作書畫二百餘件，假座寧波同鄉會公開展覽（昨為第一日），雖天雨泥濘，然到會參觀者仍非常踴躍，由朝至暮，共計約五百餘人，對於先生之藝術均有良好批評，而所陳列之書畫均已定去大半。……會場中贈送特刊一種，上載精美圖畫及有價值之文學，持筆者如狄平子、王一亭、黄賓虹、錢瘦鐵、張善孖、孫雪泥諸大名家云。”（4月11日申報） 《晚照堂書畫册跋語》：“中國稱郅治之
1931.4.22,上海,狄平子,见面,,《日本舉行古畫展覽會·吾國代表團啟行·昨晨九時  乘上海丸  廿三抵日  廿八開幕》：“本屆日本倡舉舉行之元明清古畫展覽會第二屆大會，並中日現代繪畫展覽會第六屆大會，將於本月二十八在東京上野公園聯合開幕，吾國代表團已於昨日上午九時乘日本汽船會社上海丸東渡日本，藝術界及收藏家、名畫家等對於本屆大會之希望甚大，並以其負有宣揚我國文化之重要使命，故參加者殊為踴躍，除張善孖昆仲已于數日前先行外，昨日啟行者
1931.4.22,上海,黄節,寄赠,,初夏，黄節聞將有天台、雁蕩之游，來書乞畫雁蕩勝景册頁。 裘譜：“夏，游浙江雁蕩山，黄節寄先生信中說：‘歲月匆匆，往復休暑……。聞足下將避暑作天台、雁蕩之游，惜弟未克追陪，良負名山，敢乞大筆寫真，以當卧游，能寄賜尤感。乞作十六張，高度八寸，横約一尺四寸，俾敝廬增光，且預為他日息壤名山之約，則足下所賜厚矣。……弟黄節頓首。五月十九日。’”
1931.4.22,上海,黄節,寄赠,,裘譜：“夏，游浙江雁蕩山，黄節寄先生信中說：‘歲月匆匆，往復休暑……。聞足下將避暑作天台、雁蕩之游，惜弟未克追陪，良負名山，敢乞大筆寫真，以當卧游，能寄賜尤感。乞作十六張，高度八寸，横約一尺四寸，俾敝廬增光，且預為他日息壤名山之約，則足下所賜厚矣。……弟黄節頓首。五月十九日。’” 
1931.9.18,上海,傅雷,书信,,9月18日劉海粟偕傅雷乘法郵輪沙拿遜號自歐歸國抵滬，下澣蔡元培設宴於威海衛路爲其洗塵，與葉恭綽、陳獨秀、許壽裳、張大千、朱屺瞻、王个簃等應邀列席。 《劉海粟氏明日抵申—同來者有法政府特派考察之賴魯娃》：“劉氏去國兩年餘，其在歐之努力，與其在德法兩國之個人畫展之榮譽，是為中國現代藝壇爭光不少。現已於八月十四日由馬賽乘法郵Chenuoce aux偕其夫人及至友傅雷君（傅君在法專攻文學及藝術批評）啟程東
1931.9.2,上海,傅雷,书信,,《劉海粟氏明日抵申—同來者有法政府特派考察之賴魯娃》：“劉氏去國兩年餘，其在歐之努力，與其在德法兩國之個人畫展之榮譽，是為中國現代藝壇爭光不少。現已於八月十四日由馬賽乘法郵Chenuoce aux偕其夫人及至友傅雷君（傅君在法專攻文學及藝術批評）啟程東歸。與劉氏同行者，並有法政府特派來華考察文化之文人賴魯娃氏。賴氏為巴黎大學中國學院教授，對於中國詩文及音樂素有研究，並為法蘭西國立劇院秘書長及新時代
1931.9.2,上海,傅雷,书信,,金梅《傅雷傳》：“9月下旬，蔡元培先生在威海衛路中社設宴為劉海粟旅歐回國接風。傅雷應邀出席，作陪的還有陳獨秀、葉恭綽、許壽裳、楊杏佛、黄賓虹、張大千、朱屺瞻、王个簃等社會文化名流、著名畫家。” 
1931.12.6,上海,狄平子,见面,,《何香凝女士發起書畫展覽會△今日開第一次籌備會議△售資悉充救濟工作費用》：“中央委員何香凝女士發起之書畫展覽會，現定今日（六日）下午三時在靜安寺路跑馬廳對面華安公司八樓舉行第一次籌備會議，參加者將有狄平子、汪英賓、黄賓虹、林庚白、李祖韓、李秋君、朱少屏、柳亞子、虞澹涵、鄭洪年、劉海粟、王濟遠、王遠勃、張辰伯、薛保倫等數十人。茲錄何女士宣言如下：廖仲愷先生為反對帝國主義、謀中國之自由平等而犧牲。香凝
1931.12.31,上海,狄平子,见面,,《國難畫展連日盛况-滬名家即席揮毫》：“何香凝女士主辦救濟國難書畫展覽會昨天為開幕後第三日，參觀者比前更盛。何女士親自出席，與張紅薇、鄭曼青、馬公愚、錢瘦鐵、賀天健、熊松泉合作畫件，又戚飯牛、王禮錫、柳亞子寫字甚夥。聞該會目錄前此略有差誤，現已訂正出版。平津港澳及上海方面各作家姓名已見前昨兩日報紙外，最新報名者複有于右任、閻甘園、吳杏芬、沈儀彬、徐季龍、蕭瑜、趙潤嫻、褚雪琴、王味尊、王冷英、張時敏
1932.1.28,上海,傅雷,书信,,《1932年上海美專第十屆畢業特刊·教授名錄》：“劉海粟：中國畫學理論、西洋畫研究所導師，到校元年。王濟遠：西洋畫研究所導師。王一亭：繪畫研究所國畫導師。陳樹人：繪畫研究所國畫導師。張大千：繪畫研究所國畫導師。潘天授（阿壽）：國畫山水、國畫史、畫理研究所導師，到校十二年二月。諸聞韻（汶隱）：國畫花卉研究所導師，到校十三年二月。黄賓虹：國畫理論，到校廿一年二月。顧燮光：金石學，到校廿一年二月。謝翥（
1932.4.29,上海,黄節,书信,,暮春，為黄節作《湖荷憶昨圖》，狀1918年夏相偕湖亭看荷之景。 自題《湖荷憶昨圖》：“湖荷憶昨圖，為晦聞先生屬正。壬申三月，黄賓虹。”
1932.4.29,上海,黄節,书信,,黄節題《湖荷憶昨圖》：“明月何曾喻此情，人間俯仰覺情生。秋來養菊殷勤意，不及湖荷憶昨行。自題《湖荷憶昨圖》，黄節。” 
1932.7.14,上海,潘飛聲,书信,,7月14日，至潘飛聲翦淞閣讀畫消夏。 自在《翦淞閣讀畫銷夏》：“翦淞閣主潘徵君老蘭（飛聲），詩文耆宿，江湖寓公，賣文作炊，世欽清潔，寓横浜橋畔十有餘年。昨因倭奴肆虐，移居滬西福履理路合羣坊，歐式小樓，至為優雅。昨邀藝友清譚，以銷永晝。黄賓虹、張善孖、大千昆仲、謝公展、王師子、陸丹林、謝玉岑、鄭午昌、王个簃、湯臨澤等先後戾至，品茗譚藝，讀畫揮毫，賓主至樂。時雖炎暑，似張火傘，而庭前梧桐蘭松，因風摇動
1932.9.6,上海,傅雷,寄赠,,《上海美展之新氣象》：“上海美術專科學校自去秋劉海粟校長由歐洲歸國後，力事改革，雖於‘一·二八’事變中，亦努力推進，成績斐然。最近為擴展校務、增進新校舍起見，敦請名畫家王濟遠擔任副校長，同時開辦繪畫研究所，由王氏兼任主任，一切設施，參照法郡最有名之格朗夏彌雅研究畫院辦理，收容該校畢業生及同等學校之畢業生與一般畫家作高深之研究。各部主任業已聘定，劉海若為總務主任，張辰伯為教務主任，王自申為訓育主任，
1932.11.9,上海,蔡守,书信,,按：11月9日《新新新聞》亦有同類報導，詳下文蔡守致黄賓虹信。方旭（1852—1940），字鶴齋，安徽桐城人，桐城派文學家。清季拔貢，署華陽令、夔州知府，官留日學生監督、四川提學使、川東道台。爲官清正，大力倡辦新式教育。辛亥後，退隱成都。工詩文，善書畫，爲成都五老七賢之一。龔熙台（1863—1937），號幾山，四川井研人。方志學家。早年受學於名學者王樹楠，辛亥後任四川高等學校、成都高等師範學校教授
1932.11.9,上海,蔡守,书信,,按：另詳1934年蔡守信與談月色《蜀游詩》跋。 
1932.12.23,上海,蔡守,寄赠,,12月23日，蔡守來書問候，並索新詩。 蔡守書：“賓虹道兄侍右：秋湄南旋，知中秋公有入蜀之游，久無消息，至以爲念。得硯英示通訊處，曾上一書，未識達否？日前得吳公又陵寄來十一月九號《新新新聞》，才知我兄已如願遍游蜀中佳山水，且安抵成都，至為欣慰。但該報竟引王一亭、陳樹人與我兄並論，比儗不倫，實堪噴飯。樹人僅習倭畫皮毛，吾粤繢事家皆羞與爲伍，烏得稱爲國畫宗師耶！不知蜀人何以傾倒斯傖耳，可笑可笑！計我兄
1932.12.23,上海,蔡守,寄赠,,蔡守書：“賓虹道兄侍右：秋湄南旋，知中秋公有入蜀之游，久無消息，至以爲念。得硯英示通訊處，曾上一書，未識達否？日前得吳公又陵寄來十一月九號《新新新聞》，才知我兄已如願遍游蜀中佳山水，且安抵成都，至為欣慰。但該報竟引王一亭、陳樹人與我兄並論，比儗不倫，實堪噴飯。樹人僅習倭畫皮毛，吾粤繢事家皆羞與爲伍，烏得稱爲國畫宗師耶！不知蜀人何以傾倒斯傖耳，可笑可笑！計我兄入蜀已將四越月，何時返櫂耶？峨嵋照片如有
1933.3.9,上海,黄節,见面,,林思進《清寂堂日記》：“十四日，甲戌，晴寒，至午乃雨。出城教華西三時。前日三兒之友沈仁波饋予宣盛項圈，即昔人所稱禁臠也，蜀俗不重此，而雲南至為美品，曾聞亞衡送之。今日為叔祖妣黄節孝冥壽，供饋特具是肴，且以餕客，因面約方叔軒來預賞。”賓虹先至，出畫十餘幅視之，他客續來。午祭八殽、酒三巡、飯一侑。祭罷，邀客入坐，談燕頗樂，客去雨亦止矣。季兒以兩餅金購得崔荊南書聯。予撰《人物志》乃知荊南之名，曾為作傳，
1933.3.24,上海,蔡守,寄赠,,3月24日，書蜀游小詩十三章郵寄蔡守、談月色伉儷。 談月色跋《蜀游詩》：“癸酉四月十九日，初暑晝永，睡蓮已華，而蔗柑尚佳，與主君寒瓊納凉南榮，同讀《蜀中名勝記》，冥想百花潭上是日游樂，遥憶賓虹師正在成都，適逢盛會，定有俊游。忽聞郵人叩門，遞到吾師三月廿四日（國曆四月十八日）來書並詩十三章，盥誦祗悉入蜀遭亂，弗克遍游三巴名勝，頗以爲憾。但生平傾慕之峨嵋，僅當得一‘高’字，益信萬事耳聞不如見，山水猶是
1933.10.16,上海,傅雷,书信,,《劉獅個展昨開幕》：“名畫家劉海粟之令姪劉獅君於十月十五日起，假環龍路十一號法國圖書館開個人展覽會，陳列東渡歸來傑作數十件，琳琅滿壁，美不勝收。第一日參觀者中外來賓三百餘人，日法新聞記者爭索劉氏近來傑作畫片等。下午四時文藝春秋會全體亦前往參加，到會者有劉海粟夫婦、章衣萍、吳曙天、林衆可、徐則驤、徐澤予、黄賓虹、張辰伯、傅雷、宋邦幹等六十餘人。席間對於劉劉獅藝術一致讚美，推為藝林後起之秀云。”（10
1933.11.6,上海,狄平子,见面,,《柏林中國美術展覽會籌備經過》：“昨日記者走訪教育部某負責人，詢問柏林中國美術展覽會籌備經過情形，據其答覆如下：近年來，日本人常挾其未成熟之東洋畫，常赴歐洲各大國宣傳，儼然以代表東亞藝術自居。二十年（1931）一月，日本政府以八萬馬克之贊助，以帝國美術院名義，在柏林普魯士美術院開一大規模之現代畫展覽會，並將畫品運往德國各重要市鎮展覽，竟使全德人士嘖嘖稱羨，以爲日本美術可以代表東方，幸德人中研究東方
1933.11.11,上海,狄平子,书信,,《中德美展作品昨今在滬公開展△十四日由劉海粟押運赴德△將續在國內徵集二批作品》：“申時社本埠訊：中德美術展覽會，已徵得之各畫家作品五百餘件，昨今二日假福開森路世界社公開展覽，定十四日由劉海粟攜帶出國，並將在京續徵二批作品。茲將各情分誌如次。△日昨今在滬展覽（略）△定十四日運德（略）△續徵二批作品（略）△王祺等發啟事（略）△參觀後之印象：又記者于晨九時驅車往觀，先我而去已百餘人，而該會常務委員葉恭綽
1933.11.28,上海,潘飛聲,寄赠,,冬，以清繕詩稿請許承堯、潘飛聲匡正並請惠序，兩詩家先後撰序相饋。 潘飛聲《序》：“賓虹山人畫參唐宋，馳縱百家，詩名幾為所掩。顧山人未至滬瀆，讀書山中，已品藻二謝，追蹤四靈，成一家言矣。胸次奇氣，壹發於詩。性復好游，踰北燕，跨南海，折桂林之一枝，挹匡廬之五老，攀天都，涉洞庭，擴史公浩瀚之觀，抒孫登高寒之嘯焉。近自蜀西游歸，編詩成帙，出以相眎。惟長吉充囊，不過三十，而務觀叢稿，已過萬篇。君寄興愈高，格
1933.11.28,上海,潘飛聲,寄赠,,潘飛聲《序》：“賓虹山人畫參唐宋，馳縱百家，詩名幾為所掩。顧山人未至滬瀆，讀書山中，已品藻二謝，追蹤四靈，成一家言矣。胸次奇氣，壹發於詩。性復好游，踰北燕，跨南海，折桂林之一枝，挹匡廬之五老，攀天都，涉洞庭，擴史公浩瀚之觀，抒孫登高寒之嘯焉。近自蜀西游歸，編詩成帙，出以相眎。惟長吉充囊，不過三十，而務觀叢稿，已過萬篇。君寄興愈高，格律愈嚴，年且屆古稀矣。昔少陵入蜀，山水益著，東坡渡海，文字更奇。山
1933.12.8,上海,狄平子,讣告,,《公祭高奇峰先生通告》：“高奇峰先生在滬逝世，定於12月8日運柩歸粤，同人擬於七日在海格路（今華山路）中國殯儀館公祭。是日並陳列先生遺作畫品以表哀思。凡諸親友門生，希屆時惠臨是幸，一切詩文挽聯請先期送中國殯儀館代收，以便懸掛。汪兆銘、于右任、經亨頤、馬超俊、葉恭綽、方君璧、黄賓虹、蔡元培、孫科、陳樹人、狄平子、褚民誼、曾仲鳴、伍聯德、梁得所等同啟。”（12月6日申報） 報導：“是日靈堂在中國殯儀館
1933.2.14,上海,傅雷,书信,,按：據趙譜，傅雷藏該序手迹，作者係領銜之於克勲，即宣哲。值得注意的是，黄節雖未署名，却由其婿李韶清代表。紀游畫册刻成，已是翌年11月份了。 
1933.12.30,上海,潘飛聲,见面,,12月30日，約請潘飛聲、陳柱、孫仲容哲嗣孟晉，在勝利飯店小叙。 與陳柱書：“柱尊先生：日昨匆匆叙話，未罄欲言。茲有友贈十餘年陳紹酒，已約潘蘭老來晤談，適有孫仲容乃郎孟晉來申，攜《□□年譜》待刻，希惠臨呂班路蒲石路口勝利飯店是荷（準明晚五時）。此候著綏。黄賓虹頓首。十二月廿九日早。”
1934.1.10,上海,傅雷,见面,,存考：關注中國畫學命運，關注西方畫學趨勢，關注中國繪畫和西方繪畫的交叉、分合、互動，是百川書畫會組合的初衷，也是黄賓虹這篇文章論旨的内核。中西畫家以“百川匯於海”之寓意，取名百川書畫會，定期集會，各出作品，互相點評，或作演説，或作示範，衝破了歷來揮之不去的西畫家瞧不起國畫，國畫家瞧不起西畫（1923年汪亞塵《為治現代藝術者進一解》）痼疾的怪圈，突破了中國自有藝術社團以來，藝術社團陳陳相因的組合模式
1934.4.9,上海,潘飛聲,书信,,4月9日潘飛聲逝世。潘氏身後蕭條，兒輩不歸，友朋為料理後事，與其友人共同將其收藏數百件編為目錄發行紀念券，以售資作喪葬費與善後費用。 《詩人潘蘭史逝世》：“詩人潘蘭史（飛聲），番禺人，文章詩詞，馳名中外。年二十有七，即應德國講學，主講柏林大學漢文教席。返國後，執筆政於香港、上海各報，及任各大學教授，詩文著述甚夥。年逾古稀，寫作不輟，飲酒縱譚，宛如壯年。因病于昨晨二時逝世滬寓，享壽七十七歲。”（19
1934.4.10,上海,狄平子,寄赠,,為籌潘飛聲葬貲善後費代銷其藏品發行紀念券公啟：“□□先生大鑒：敬啟者，番禺潘蘭史先生，耆年碩德，名滿藝林，遽於前月溘逝。惟東坡仙去，尚有朝雲，廉士家風，蕭寥堪念。茲由同人等擬將其翦淞閣所藏古今名人書畫數百件，編為目錄，印發紀念券數百張，每券十元，售作喪葬及善後等費。素仰台端熱心道義，用特送呈該券□張，乞為代銷，以便集成充用。所有券款，請於國曆六月廿五日以前送交三馬路中國通藝館金頌清君代收，隨時掣取
1934.7.1,上海,潘飛聲,书信,,7月1日，在湖社為潘飛聲舉行追悼會。 《潘蘭史先生追悼會》：“蘭史先生於民國二十三年三月九日逝世後將及十旬，兹定國曆7月1日下午一時至五時假貴州路湖社開會追悼，凡屬知好，届時請惠臨公祭是荷。甘翰臣、勞敬修、潘明訓、鄭洪年、温欽甫、簡玉階、楊梅南、鄧瑞人、吳鐵城、文鴻恩、潘晴波、汪道源、李大超、陳炳謙、夏敬觀、狄葆賢、姚景瀛、葉恭綽、施德之、陸丹林、王震、趙灼臣、孫仲英、吳湖帆、馮文鳳、哈麐、郭東、
1934.9.21,上海,狄平子,见面,,報導：“我國政府自去年派劉海粟赴德展覽圖畫，宣揚東方藝術後，曾先後在柏林、漢堡、萊茵河諸城暨荷蘭之阿姆斯脫達姆、海牙等處，舉行盛大之中國畫展，皆獲得盛譽。今夏因瑞士政府及日内瓦市政府之邀請，劉氏復將全部作品二百八十幀，携往日内瓦公開展覽一月。茲接日内瓦方面來函，備述此次展覽情形，爰撮要披露如下。日内瓦為世界名城，是國際政治中心、世界文化樞紐，中國畫展在市立歷史美術館開會。該館皆石築，體制瓌偉，雕刻
1934.10.30,上海,宣古愚,书信,,10月30日甲戌九月廿三日，與葉恭綽、宣古愚赴蘇州遊覽園林，於惠蔭山莊觀賞菤葹閣藏畫，並與何亞農、王薳、朱竹坪、彭恭甫、張丹斧、張善孖在柴簃舉行雅集，合作《九秋圖》。 汪譜同年條：“秋，偕葉恭綽遊覽蘇州園林，並於惠蔭山莊觀賞菤葹閣藏畫。”
1934.11.2,上海,狄平子,寄赠,,《高奇峰先生逝世週年紀念會通告》：“高奇峰先生逝世周年紀念會通告當代畫學宗師高奇峰先生，行昭日月，學貫天人，曠代妙譽，有聞於列邦，致力革命，著勲於黨國，仁俠之風，震於一世，勤廉克己，尤莫與京，重以美育弘宣，願舉世措於聖域，何期邦國殄痛瘁，中道失此宗工。入修夜之不暘，撫音徽而未沫，捐棄館舍，痛屆周年，言念平生，允垂百世。同人等爰於十一月二日在南京華僑招待所開會追悼，用紀至德，藉永懷思，凡屬同情，尚希
1934.11.22,上海,陆丹林,寄赠,,《張善孖宴请文艺界-兼為林山腴祖餞》：“名画家张善孖、大千兄弟昨游華山歸滬，又值四川诗人林山腴返蜀，特假座陶樂春菜馆宴请文艺界，到者有黄賓虹、顧巨六、许修直、符铁年、王师子、谢公展、陆丹林、郑午昌等三十餘人。先由郎静山為衆攝影，旋各画家合作花卉立轴两轴，由谢玉岑题诗其上志别。林山腴此次來滬，得詩百餘首，命名‘出蜀集’，将由谢玉岑、符铁年、陆丹林等彙刊分贈诸友云。”（11月22日《申报》） 林山腴《
1935.1.9,上海,黄節,书信,,1月9日，余紹宋來函，轉達黄節的思念之情，並索篆聯。 《余紹宋日記》1月10日條：“作書復……黄賓虹。”
1935.1.26,上海,潘飛聲,书信,,白公《温克剛書展印象記》：“余久聞嶺南温一如君耽心翰墨，於鐘鼎秦漢碑刻，暨晉唐以降諸家法帖靡不研精，每一摹寫，神采逼真，極為時賢稱贊。昨日值君與吳公虎君在貴州路湖社合開書畫展覽會，特往參觀，真覺滿壁琳琅，美不勝述。第就各種臨本言之，其臨石門頌，鄭沅謂依位得髓，潘飛聲（已故）謂神妙與古人相契。其臨張遷表頌，葉恭綽謂獨得其沈着，譚澤闓謂深得三昧。其臨景君碑，周震麟謂極為有得可佩，潘飛聲謂臨摹獨精，視之
1935.1.24,上海,黄節,讣告,,黄節1月24日病逝於北平寓次，享年六十二歲，2月25日假南京華僑招待所舉行追悼大會。 《黄晦聞先生追悼會啟事》：“順德黄晦聞先生，以廿四（1935）年一月二十四日卒於北平，承學之士，罔不搤腕嘆息於高賢之委化，絶學之日希。同人辱在交期，深知志事，緬其早樹攘夷之崇論，晚昭却聘之高風，以為儒林之式。兹定二月二十五日下午二時在首都華僑招待所開會追悼，凡在知好，及景仰先生學問志業者，希届時齊集舉行公祭。此啟
1935.8.13,上海,蔡守,书信,,存考：兩人均是當事人，然而在時間定位上不一，黄般若回憶是去南寧時經過香港住黄居素家，而黄居素（特地在錢學文醫生紀錄稿上加上“講學後”三字）回憶是歸途時的事。從下文中蔡守詩看，黄居素的回憶更接近事實。 
1935.8.31,上海,蔡守,见面,,8月31日乙亥八月初三日，蔡守聞訊從廣州趕至香港，宿張谷雛寓，翌日，同游沙田，聽講山水畫法秘訣，由張谷雛記錄整理成文曰《賓虹畫語錄》。 蔡守《乙亥八月三日聞黄子賓虹抵香港，即趁廣九快車過訪未晤，宿碧山壺館不寐》：“猋輪塵逐暑如煎（是日秋陽如火），衰憊何堪此播簸（車中腹痛作嘔）。八口之家人兩地（内子與兒女分居九龍），三年未返病相纏（癸酉秋病後，未歸島寓）。過門不入先求友，渡海遲來已赴筵。怊悵今宵難把
1935.8.31,上海,蔡守,见面,,蔡守《乙亥八月三日聞黄子賓虹抵香港，即趁廣九快車過訪未晤，宿碧山壺館不寐》：“猋輪塵逐暑如煎（是日秋陽如火），衰憊何堪此播簸（車中腹痛作嘔）。八口之家人兩地（内子與兒女分居九龍），三年未返病相纏（癸酉秋病後，未歸島寓）。過門不入先求友，渡海遲來已赴筵。怊悵今宵難把晤，倚樓無寐聽流泉。” 又《八月四日與賓虹游沙田，林下小憩，聽講山水秘訣》：“八年積悃從何說，既見相欣又共游。攀陟羨君腰脚健，畫圖愛此海
1935.9.6,上海,蔡守,书信,,蔡守《八月九日送賓虹歸上海》：“見促旋離未敢留，結言歲暮再來游。神山端合消寒會，詩境寧為不繫舟。但願先生書莫孏，更容老友畫頻求。囊中粉本知多少，歸去圖成早付郵。” 
1936.2.10,上海,宣古愚,寄赠,,2月10日晚，為博物館徵求陳列物品，上海市市長吳鐵城在私邸設宴招待名收藏家與學術耆宿。與葉恭綽、宣古愚等應邀參加。 《吳市長昨宴請名收藏家  為博物館徵求陳列物品》：“市博物館新舍於去冬落成後，即成立籌備處於中華學藝社內，數月以來，漸有頭緒。前曾分向本外埠收藏家徵求陳列物品，已收到金石、陶器、甲骨、拓本等古器萬餘件。因求內容充實起見，故於昨晚，由吳市長在海格路私邸招待著名收藏家及學術耆宿，遠道如南
1936.2.11,上海,狄平子,寄赠,,《吳市長昨宴請名收藏家  為博物館徵求陳列物品》：“市博物館新舍於去冬落成後，即成立籌備處於中華學藝社內，數月以來，漸有頭緒。前曾分向本外埠收藏家徵求陳列物品，已收到金石、陶器、甲骨、拓本等古器萬餘件。因求內容充實起見，故於昨晚，由吳市長在海格路私邸招待著名收藏家及學術耆宿，遠道如南京、蘇州各地兼程赴滬，翩然蒞止。如蔡孑民、丁福保、王一亭、閻甘園、李拔可、黄賓虹、張叔馴、張蔥玉、張善子、文素松、周
1936.2.27,上海,狄平子,书信,,《市博物館各方贈送陳列品踴躍》：“市博物館自遷入新館辦公以來，工作非常緊張，各方送存陳列品更形踴躍。最近一週間，計有黄賓虹送存古瓷器、唐寫經及明清書畫等數十件，張叔馴送存漢漆器，胡汝鼎送存電機模型及各式無線電，狄平子送存古代人骨及名貴書畫，田中脩送存澳洲工人所用石器及珊瑚等，均珍貴而難得。京滬甬鐵路管理局送存大鯨魚，管複初送存唐宋明瓷器大小四十件。中委楊庶堪送存歷代瓷器多件。楊氏為藏瓷名家，所藏著
1936.8.22,上海,蔡守,书信,,秋，蔡守、談月色夫婦受聘南京博物院。 《蔡哲夫碑記》：“丙子秋，偕其月色夫人來京任職（國民黨）黨史館、（國民黨）黨部故宫博物院考訂金石書畫古物，功未竟，會丁丑變作。”
1936.8.22,上海,蔡守,书信,,按：蔡守《九日》詩有“廿七年來人事長，白門重入又重陽”句可參證。 
1936.10.10,上海,狄平子,见面,,拙文《黄賓虹十事考·北平畫展鈎沉》：“這次畫展在北平中山公園四宜軒舉辦。時在1936年10月10日，由北平圍棋研究所主辦。這時候，黄氏鑒定故宫博物院留存古代書畫的工作已經結束，回到上海開始對保存於上海第一庫房的部分南遷字畫進行第二次鑒定，本人不在北京。籌辦事務統統由圍棋界名人過旭初經手。過旭初，又名遇春，與其弟惕生在圍棋界有‘大過老’‘小過老’之稱。八十年代後期，鮑義來兄曾藉大過老參觀黄賓虹研究會
1937.1.9,北平,蔡守,书信,,1月9日，蔡守衝寒冒雨來訪，出古畫共相賞析。 蔡守《臘八逢大寒》：“臘八逢大寒，山妻病不餐。用食七寶粥，温飽笑言歡。啣泥訪賓虹，出眎畫幅觀。老阜左筆拙，古色賦斕。歸來黑陽雲，冷雨打破冠。誰家細腰鼓，逐疫蘄平安。誰家合臘藥，我願乞一丸。遮莫山妻病，客貧歲又殘。”
1937.1.9,北平,蔡守,书信,,蔡守《臘八逢大寒》：“臘八逢大寒，山妻病不餐。用食七寶粥，温飽笑言歡。啣泥訪賓虹，出眎畫幅觀。老阜左筆拙，古色賦斕。歸來黑陽雲，冷雨打破冠。誰家細腰鼓，逐疫蘄平安。誰家合臘藥，我願乞一丸。遮莫山妻病，客貧歲又殘。” 
1937.1.9,北平,蔡守,书信,,丙子臘月，為蔡守作《寒月行窩圖》。 自題：“丙子臘月，哲夫先生屬寫寒月行窩圖，塗此博粲。予向。”
1937.3.2,北平,蔡守,书信,,3月2日丁丑正月二十日，與張景遜（齋）、李卣匋伉儷，蔡守、談月色伉儷，張如願、李千里在蔡守南京寓所“寒月行窠”雅集，並合影，曰“南京寒月行窠南社社友高會圖”。 按：“寒月行窠”爲蔡守南京寓齋，蔡氏有《和龔定庵〈寒月吟〉原韻五首》詩序云：“《寒月吟》者，龔子與其婦何歲莫（暮）共幽憂之所作，相喻以所懷，相勗以所尚，鬱而能暢者也。余與月色賃廡白下，取其意榜曰‘寒月行窠’，歲晚更依其韻爲詩，未知可暢其鬱否
1937.3.2,北平,蔡守,书信,,按：“寒月行窠”爲蔡守南京寓齋，蔡氏有《和龔定庵〈寒月吟〉原韻五首》詩序云：“《寒月吟》者，龔子與其婦何歲莫（暮）共幽憂之所作，相喻以所懷，相勗以所尚，鬱而能暢者也。余與月色賃廡白下，取其意榜曰‘寒月行窠’，歲晚更依其韻爲詩，未知可暢其鬱否耳。” 
1937.3.5,北平,蔡守,书信,,同日，陳中凡招飲清暉山館，與蔡守、鄭曼青、黄君璧、許士騏、楊縵華同賞鄧石如書法。 蔡守《題鄧完白書並記》：“頑白以行書爲最佳，而隸書僅學宋人褒斜擘窠一記，余已得其秘矣。丁丑驚蟄節，陳君斠玄教授召飲清暉山館，與黄賓虹、鄭曼青、黄君璧、許士騏、楊縵華伉儷同觀。（詩略）”
1937.3.5,北平,蔡守,书信,,蔡守《題鄧完白書並記》：“頑白以行書爲最佳，而隸書僅學宋人褒斜擘窠一記，余已得其秘矣。丁丑驚蟄節，陳君斠玄教授召飲清暉山館，與黄賓虹、鄭曼青、黄君璧、許士騏、楊縵華伉儷同觀。（詩略）” 
1937.4.20,北平,狄平子,书信,,又：“中華全國美術研究學會發起人於十九日下午三時假德奥瑞同學會開成立大會，到會者張道藩、楊今甫、馬衡、余紹宋、劉海粟、溥侗、滕固、高劍父、汪東、郭有守、朱希祖、曾仲鳴、蔣復璁等一百餘人，先推張道藩為臨時主席，開會如儀。一、報告籌備經過。二、説明章程草案。三、通過章程十三條（略）。四、報告章程選舉理事（臨時理事）三十七人（名單附後）。五、推舉榮譽會員十四人，並就榮譽會員中推選榮譽理事四人（名單附後）
1937.4.1,北平,蔡守,书信,,4月1日鑒定故宫書畫後，薦蔡守接替書畫鑒定工作（蔡守致盧子樞書有云：“弟代賓虹鑒定故宫金石書畫，自誇眼福不薄，將來刊行鑒定書呈教。”見《不蠹齋友人書札》，政協東莞市文史資料委員會2002年版），不久黄賓虹即行歸滬，16日三時起程赴北平應國立北平藝術專科學校校長趙太侔（畸）聘執教藝專。本年初藝專校長趙太侔、中國畫研究會會長周肇祥均在南京同為美展審查員，但聘請執教之議决非萌於倉卒間，舊年在北平鑒定故宫
1939.6.4,北平,蔡守,书信,,蔡守書：“（上殘）寫與卷册，去年罹難，尚珍重寶藏，祇寫蜀中山水詩畫四扇在廣州，則同化劫灰，至為痛惜，茲附上一扇，仍乞賜繢（弟今年周甲，以此奉我，一笑），並寫新詩以填此憾，如何？弟今流為難民，家毀何忍言旅，亦藉筆墨為活計，月色昕夕鑿山骨，亦不敢作鈿閣之怨聲，寧勿可哀乎？己卯夏仲，守書於白門。” 又：“赤日炎炎火裏蓮，異鄉人愧杖鄉年。緋衣仙子不落，地變天荒命苟全。奉和原玉，希予向老兄一哂。弟守貢草。己
1939.6.4,北平,蔡守,寄赠,,10月，蔡守代黄仲琴乞畫《焦山消夏圖卷》。 蔡守書：“賓虹老兄足下：八月廿八日掛號寄上程賓白畫册款識與跋，淺絳冷金箋二葉，乞賜跋程册及册首，又米色舊册一葉乞題汪芥亭畫册首，白色冷金箋四條乞詩畫，計可早到也。九月三號又上一書，迄今月餘未辱寫寄，至盼至盼。香港帥銘初書來謂每月介紹繢事，潤毫可三五百金，信然，則足下筆墨生涯亦不惡也。今得黄仲琴寫寄奉題鳳六山人畫册一來囑轉上，並云欲得足下爲寫一小手卷（高約
1939.6.4,北平,蔡守,寄赠,,蔡守書：“賓虹老兄足下：八月廿八日掛號寄上程賓白畫册款識與跋，淺絳冷金箋二葉，乞賜跋程册及册首，又米色舊册一葉乞題汪芥亭畫册首，白色冷金箋四條乞詩畫，計可早到也。九月三號又上一書，迄今月餘未辱寫寄，至盼至盼。香港帥銘初書來謂每月介紹繢事，潤毫可三五百金，信然，則足下筆墨生涯亦不惡也。今得黄仲琴寫寄奉題鳳六山人畫册一來囑轉上，並云欲得足下爲寫一小手卷（高約五寸，長約二尺）作《焦山消夏圖》，因流落島市
1940.1.1,北平,蔡守,寄赠,,蔡守書：“賓虹老兄執事：病中得掛號書，並《蒙山隱居圖》卷子，洵得意之作，且題句亦高妙可喜，欽佩欽佩。但蒙山已淪爲戰域，不識何君更從亡何去，須竢再得其消息方能鄭重寄與。我公患目疾須用手術，諒静攝不久定能復元，肇豫書來，同深注念，並為代致意。王希哲書謂已鈐所得璽印計亦可到也。汪葑畫册子，我兄不欲題，何敢相强，惟乾隆白色冷金箋四條，務希賜繢，以效垢道人焦筆為公獨步，亦守素所愛者，幸無吝也。十一月廿五號寄
1940.1.1,北平,蔡守,寄赠,,蔡守《代覺夫索賓虹爲寫〈蒙山小隱〉卷子成寄來，余夫婦爲題之》：“仲卿（陳曇）標榜海騷閣，爾雅矜持緑綺臺。雲威儀空想像，從亡翻妒汝能來。寒翁。劫罅媮生入建康，從亡無路黯神傷。深山倘有陰符讀，婦亦能爲雲。月色題此，自笑五十老婦猶有雄心也。”（《不蠹齋友人書札》） 
1940.2.23,北平,蔡守,见面,,蔡守書：“賓虹老兄先生侍史：承賜茶壽詩畫，榮幸罔極。去年惠我便面，早驚我公比來已變新安之舊，能用墨繇介丘而上溯巨然、仲圭，洵老到之境。竊以爲公近作竟可媲滇高僧擔當也。前寄菴擔公山水三頁，曾請轉求一跋者，未識至竟過目否？倘欲得，可代索之。茶邨詩風格雖不高，但其爲人則甚高，守何敢望邪！承獎借，益為惶汗惶汗。釋白陽之爲人，已去函代問山髯（今住興化竹泓鎮鄭係長家中），容逕答足下，足下寓處亦寫示柳公也。白陽
1940.2.23,北平,蔡守,寄赠,,蔡守與盧子樞書：“子樞道丈左右：十四掛號寄上《國藝》等七册可早到，創刊號（初版已完）一册希閲後仍擲寄畀，再版再寄上爲荷。《茶壽圖》尤望速藻。頃得賓虹寫寄甚佳，且有題詩如左：‘蓬勃同聲興會多，河山舉目復如何。茶邨遂新亭涙，又見昇州一老窩。花冢茶丘費訪尋，争墩賦古集苔岑。興亡休問前朝事，不盡江流變古今。江東冠蓋冶城居，六代繁華畫不如。鄒喆、葉欣傳俗格，荒寒誰與識倪迂。’匆匆，此叩道安。企候法繢爲□。弟
1941.1.17,北平,蔡守,书信,,按：蔡守病况見蔡守庚辰三月廿一日致盧子樞書，書載《不蠹齋友人書札》。 
1942.12.30,北平,宣古愚,书信,,按：宣哲逝世時間據張宗儒《宣古愚先生傳》。 
1943.5.25,北平,傅雷,见面,,年初，陳柱與門生段拭擬代為籌辦個人書畫展覽會，並搜集滬上友生之作附展，因故未果，5月25日顧飛表弟、翻譯家兼美術評論家傅雷聞之，極力主張在上海舉行，並自攬操辦、宣揚之責，於是由顧飛介紹互通書信，各抒所見，彼此引為知音。自是，中國傳統繪畫的本質與中國畫的未來走向，成為虹“廬”怒“庵”之間的曠代話題。 與裘柱常、顧飛書：“……拙畫均係近年所作，從未示人，到時非真能研究之人，不必與觀，防預先看見有妄加批
1943.5.25,北平,傅雷,见面,,傅雷書：“賓虹老先生道席：八年前在海粟家曾接謦欬，每以未得暢領教益為憾。猶憶大作峨嵋寫生十餘横幅陳列美專，印象歷歷，至今未嘗去懷。比歲常在舍戚默飛處，獲悉先生論畫高見，尤爲心折，不獨吾國古法賴以復光，即西洋近代畫理亦可互相參證，不爽毫釐。所恨舉世滔滔，乏人理會，更遑論見諸實行矣。晚於藝術教育一端，雖屬門外，間亦略有管見，皆以不合時尚，到處扞格。十年前在上海美專，三年前在昆明藝專，均毫無建樹，廢然而
1943.5.25,北平,傅雷,见面,,與傅雷書：“ 怒庵先生大鑒：頃誦教言，過承獎借。領及畫潤，彌覺增慚。滇中山水，曾見商寶意所圖大理、點蒼山、十九峰、陸凉州、蔡家堡、爨龍顔立碑處諸勝，至今如在心目。琴從壯游，諒多著作，歸壓行囊，無任健羨。滬瀆晤後，僕擬游終南、太白、旋以沮兵不果，蜷伏舊京。零縑殘楮中，時見古人真蹟，因循度日。嘗悟筆墨精神，千古不變，章法面目，刻刻翻新，所謂師古人不若師造化，造化無窮，取之不盡。先撿拙筆小幀附奉。復候道
1943.5.25,北平,傅雷,见面,,傅雷書：“賓虹老先生道席：頃奉手教並墨寶，拜觀之餘，毋任雀躍。……晚蚤歲治西歐文學，游巴黎時旁及美術史，平生不能捉筆，而愛美之情與日俱增。尊論尚法、變法及師古人不若師造化云云，實千古不滅之理，徵諸近百年來西洋畫論及文藝復興期諸名家所言，莫不遥遥相應；更縱覽東西藝術盛衰之跡，亦莫不由師造化而昌大，師古人而凌夷。即前賢所定格律成法，蓋亦未始非從自然中參悟得來，桂林山水，陽朔峰巒，玲瓏奇巧，真景宛似塑造
1943.5.25,北平,傅雷,见面,,傅雷書：“賓虹先生有道：頃奉手教並大作，既感且佩，妄論不以狂悖見斥，愈見雅量。……‘七七’變後，晚携家南走，止於蒼梧二閱月，以戰局甫啟，未敢暢游，陽朔、桂林均未覿面，迄今恨恨。二十九年應故友滕固招，入滇主教務，五日京兆期間亦嘗遠渉巴縣南温泉，山高水長之勝，時時縈迴胸臆間，惜未西巡峨嵋，一償夙願。由是桂蜀二省皆望門而止，初不料先生疊賜巨構中，飽嘗夢游之快。前惠册頁，不獨筆墨簡練，畫意高古，千里江山，
1943.5.25,北平,傅雷,见面,,與傅雷書：“怒庵先生道席：得上月廿五日賜函，名論高識，傾佩無已。惟荷獎飾逾量，益滋恧感。昔大癡自謂五百年後當有知音，梅道人門可張雀，而自信己畫在盛子昭之上；倪雲林謂其所畫懸之市中，未必能售。古代且然，今以拙筆幸得大雅品題，知己之感，為古人所難，而鄙人倖邀之，非特私心竊喜，直可為中國藝事大有發展之慶也。清代自婁東、虞山，專尚臨摹，重貌似不重神似，二百餘年以來，士夫解畫理者已罕，其墜地自不必言。鄙意不
1943.5.25,北平,傅雷,见面,,與傅雷書：“怒菴先生著席：頃誦教言，快聆宏恉，回環再四，感佩莫宣。拙畫夙嗜塗鴉，未成刻鵠，屢承青睞，益形赧顔。曩游江淮，多摹真蹟，舉業既廢，即事墾荒。耕田讀書，日對溪山煙靄，時有所悟，秋稔所穫，全購古物。比居滬上，得見名畫較夥，因師造化，一意游山，兩至桂省，經灕、潯諸江山水，探其奇奥，再登峨嵋，至青城，留年餘。旅滬三十年而游山之日居多，未嘗有一日之間斷於作畫，自信好之之篤耳。然觀古名畫必鈎其丘壑輪
1943.5.25,北平,傅雷,见面,,按：黄、傅通信函件堪稱現代中國畫史上重要文獻，這些通信幾乎涵蓋中國畫理最重要的命題，即中國畫的現代再生。此時黄賓虹年屆八十，從事於溝通中西畫理、宏揚筆墨精神已三十餘載，對中國畫在新的歷史時期發展的趨向已有深切獨到的見解，而小於他四十多歲的傅雷游學歐西歸國，親炙中國畫壇近十載，對國内中、西畫疲不振有切膚之痛。當此兩人暌隔南北，感慨於真知不為世人理解之際，他們的“真正締交”，可以説是天合之巧。傅雷在黄
1943.5.25,北平,傅雷,见面,,又：黄傅論道，我們不能僅僅把它視作一段佳話。透過他們的魚雁往來，我們發現他們討論的，乃是中國畫史上最重大的話題，即傳統中國畫的本質，以及中國畫的未來走向。自本譜初版以來，八易寒暑。近年來，陸續有學者踏入這個兩人世界，特別是前不久創刊的《詩書畫》雜誌，連續數期作了專題探索。之前，澳大利亞學者羅清奇博士Claire Roberts撰寫Friendship in Art-Fou Lei and Huan
1943.7.7,北平,傅雷,书信,,7月7日，作《青城山》圖册十二葉贈傅雷。 自題：“降魔洞。壘石峋，洞不深邃。”
1943.9.26,北平,傅雷,见面,,9月，傅雷撰《觀畫答客問》，以爲畫展特刊闡述畫理之本，讀後引為知言，删去套語，印作藝專講義。 傅雷《觀畫答客問》：“客有讀黄公之畫而甚惑者，質疑於愚。既竭所知以告焉，深恐盲人説象，無有是處，爰述問答之詞，就正於有道君子。客：黄公之畫，山水為宗。顧山不似山，樹不似樹；縱横散亂，無物可尋，何哉？曰：子觀畫於咫尺之内，是摩挲斷碑殘碣之道，非觀畫法也，盍遠眺焉？客：觀畫須遠，亦有說乎？曰：目之視物，必距離
1943.9.26,北平,傅雷,见面,,傅雷《觀畫答客問》：“客有讀黄公之畫而甚惑者，質疑於愚。既竭所知以告焉，深恐盲人説象，無有是處，爰述問答之詞，就正於有道君子。客：黄公之畫，山水為宗。顧山不似山，樹不似樹；縱横散亂，無物可尋，何哉？曰：子觀畫於咫尺之内，是摩挲斷碑殘碣之道，非觀畫法也，盍遠眺焉？客：觀畫須遠，亦有說乎？曰：目之視物，必距離相當而後明晰。遠近之差，則以物之形狀大小為準。覽人氣色，察人神態，猶需數尺外。今夫山水，大物也
1943.11.19,北平,傅雷,书信,,11月19日至23日，由傅雷、裘柱常、顧飛等籌劃，在寧波同鄉會四樓舉辦個展，馬公愚書“黄賓虹書畫展”，傅雷主持操辦一切展覽事務，刊印《黄賓虹先生山水畫册》、《黄賓虹書畫展特刊》，觀者踴躍。 廣告：“黄賓虹書畫展。馬公愚題。十一月十九起廿三止，假座寧波同鄉會四樓全部。”（11月19日申報）
1943.11.19,北平,傅雷,书信,夏丏尊,傅雷書：“賓老先生賜鑒：……昨夜半會場佈置齊備，以寧波同鄉會臨時借與他人作善事，故直須夜間有空也。幸今日天晴，雖酷寒，觀者仍極盛。……今晨陳叔老、王秋老、秦曼老，下午李拔可、徐丹叟、王福庵、鄧春澍等均來，又有法文報、英文報記者、法總領事夫人等，會場幸覓得一二熟友幫忙，並吳秉臣、陳佑泉二位及裝池美古齋郁君張羅一切，尚能應付。令高足朱、黄二女士亦來觀覽一周。馬公愚、童心安二公並定畫及介紹甚多，王秋老亦
1943.11.19,北平,傅雷,书信,夏丏尊,又：“賓老先生道席：……連日會况熱烈，堪稱空前。上海英文、法文報均有評論，推崇備至，此歷來畫會所罕有，非迷信外人，實以彼輩標準高、持論嚴，素不輕易捧場，如華報之專講交情也。今日孔達女士偕其外子文德斐君蒞會，道及吾公並云藏有尊作不少。小報自動撰文頌贊，連日已有數篇。來觀者至有徘徊審視至二三小時以上。王秋湄則無日不至，其故友關切之情見於形色……後學傅雷再拜上。十一月廿一日夜。關春草君定字畫數件，且云非
1943.11.19,北平,傅雷,书信,,又：“賓虹先生道席：畫會昨晚結束，總共五日，參觀人數，就簽名計六百餘人，未簽者約有三四倍。售畫總數為一百六十件（花卉、字在内），餘下十七件暫存敝寓，以待後命。……後學傅雷拜啟。十一月廿四日。” 按：《畫展特刊》收錄譜主《自述》，以及傅雷《觀畫答客問》、顧飛所輯《論畫鱗爪》外，尚有陳叔通、王薳（署名攝堂）、秦更年（署名嬰闇居士）、鄧實（署名野殘）、關善等詩文。
1943.11.19,北平,傅雷,书信,,按：《畫展特刊》收錄譜主《自述》，以及傅雷《觀畫答客問》、顧飛所輯《論畫鱗爪》外，尚有陳叔通、王薳（署名攝堂）、秦更年（署名嬰闇居士）、鄧實（署名野殘）、關善等詩文。 
1943.11.29,北平,傅雷,书信,夏丏尊,11月29日，夏丏尊託傅雷代請為紀念已故弘一法師重作《晚晴山房圖》。 按：見是日傅雷信，有云：“又夏丏尊君囑代求繪已故弘一法師《晚晴山房圖》，以二尺長度為最宜。聞弘一法師亦為先生舊盟友，諒必樂為紀念也。夏君云前吾公曾為繪過一圖，嫌篇幅略小，故敢再求一幀存放紀念弘一法師之公共場所。”
1943.11.29,北平,傅雷,书信,夏丏尊,按：見是日傅雷信，有云：“又夏丏尊君囑代求繪已故弘一法師《晚晴山房圖》，以二尺長度為最宜。聞弘一法師亦為先生舊盟友，諒必樂為紀念也。夏君云前吾公曾為繪過一圖，嫌篇幅略小，故敢再求一幀存放紀念弘一法師之公共場所。” 
1943.12.6,北平,傅雷,书信,,按：12月6日傅雷信有云：“昨（五日）午，遵囑假秦曼老家素席，邀宴王秋老、陳叔老、高吹老、姚石子、馬公愚、吳仲炯等，鄧秋老以不宜受風，故未到。” 
1944.1.21,北平,傅雷,寄赠,,1月21日癸未十二月廿六日，陳叔通見傅雷得譜主之《陽朔山水册》十二開，致書求索蜀中或陽朔山水小册。 陳叔通書：“賓虹先生惠鑒：十一月廿一日曾寄一函，想荷詧入。未知各稿可抄寄若干，愈遲則印費愈昂也。題畫、紀游詩亦能抄印否？頃檢乾隆開化紙，極受墨，裁奉十二頁，求繪陽朔或蜀中山水，實見怒厂處小册而垂涎不置，故敢為陳請，務乞恕其冒昧。率布，即頌冬安。弟陳叔通上。十二月廿六日。”
1944.2.13,北平,狄平子,见面,,陸丹林《感悼黄賓虹畫人》：“寒風砭骨，春雨霏霏，一個朋友遠道來渝，談及黄賓虹畫師逝世。驟然聽着這個惡耗，一代畫人，遽然長辭賓朋，思今念往，不禁有點愴然。民二十六年的冬天，上海淪陷了，我在二十七年的二月上旬，離開歹土，到香港去，辦理出版事業。當我動程的前幾天，承他繪贈《淞南醉別圖》畫卷，並題有七律一首云：‘同醉淞南舊酒樓，引觴無計可消愁。不堪風雨東來急，白浪掀天送客舟。’詩情畫意，很有寄託。‘不堪風
1944.3.16,北平,傅雷,讣告,,傅雷書：“賓老先生座右：……王秋老不幸於本月十六日，以中風不起。當時係往關春草君處閒話，詎當場發作，送往醫院，當晚即告不治。如此噩耗，誠出意外。蓋秋翁平日精神甚健，春秋未高，方期克享大耄，孰意前後不出十小時，即一瞑不視，諒先生聞之，亦為不勝悼惜也。……後學傅雷拜上。三月廿日。” 按：據裘譜同年有譜主致上海友人信有云：“秋齋翁作古，至為悲悼。聞其女公子亦作畫，仿漸江，昔年曾一見之。秋翁於六朝造像、碑
1944.7.14,北平,傅雷,见面,,"拙文《畫到無人愛處工——試談內美理念下的筆墨與筆墨刷新下的內美》：“清季，學者劉熙載發表過兩則驚世駭俗的書論：‘學書者始由不工求工，繼由工求不工。不工者，工之極也。《莊子·山木篇》曰：“既雕既琢，復歸於樸。”善夫！’‘怪石以醜為美，醜到極處，便是美到極處。一‘醜’字中，丘壑未易盡言。’五十年後，黄賓虹全文引用了這兩段話,之間僅一字之易，原文的‘書’字轉換成‘畫’字。藉助這一字之易，黄賓虹輕輕地將‘"
1944.7.24,北平,傅雷,见面,,7月24日傅雷致書云“甚欲以溝通中西畫論為己責”，覆書暢論中西畫理之同異，並對油畫家取中國畫材料求變通之道的現象，預言必當影響畫理。 與傅雷書：“怒庵先生著席：昨奉扇頁，諒荷詧收。頃誦手教，謙抑精審，佩極佩極。‘没筆痕而顯筆脚’，分明是筆，融洽是墨。没筆痕是融洽，顯筆脚是筆法分明。‘謂之書畫者’，書法用筆，與畫用筆相通，方是名大家。此二句，原是前人論畫之成語，書家有筆法無墨法，謂之奴書，唐人寫經，
1944.7.24,北平,傅雷,见面,,與傅雷書：“怒庵先生著席：昨奉扇頁，諒荷詧收。頃誦手教，謙抑精審，佩極佩極。‘没筆痕而顯筆脚’，分明是筆，融洽是墨。没筆痕是融洽，顯筆脚是筆法分明。‘謂之書畫者’，書法用筆，與畫用筆相通，方是名大家。此二句，原是前人論畫之成語，書家有筆法無墨法，謂之奴書，唐人寫經，多經生所作，故不名貴。古人善書者必善畫，以畫之墨法通於書法。觀宋元明人法書，如趙子昂、文徵明，至於王鐸、石濤，其字蹟真偽至易辨。真者用
1945.6.19,北平,傅雷,见面,,6月19日，傅雷接獲為其友所作畫，回信感謝，並加評論，轉達陳陶遺的問候。 傅雷書：“賓虹老先生座右：頃奉手教，並大作三幀。連日梅雨傾盆三晝夜不止，而尊件遞到時，居然毫無損害，可見天地間瑰寶，冥冥中自有神靈呵護也。《擬古》一作，柔和蒼潤，尤得元人神髓。另幅有長題論唐宋人染雲煙者，筆飛墨舞，生氣溢於紙外，想見吾公精神勁爽，元氣淋漓，非特為敝友得獲至寶慶賀，亦且為先生道履矍鑠，壽登大考而私心竊喜。海上自
1945.6.19,北平,傅雷,见面,,傅雷書：“賓虹老先生座右：頃奉手教，並大作三幀。連日梅雨傾盆三晝夜不止，而尊件遞到時，居然毫無損害，可見天地間瑰寶，冥冥中自有神靈呵護也。《擬古》一作，柔和蒼潤，尤得元人神髓。另幅有長題論唐宋人染雲煙者，筆飛墨舞，生氣溢於紙外，想見吾公精神勁爽，元氣淋漓，非特為敝友得獲至寶慶賀，亦且為先生道履矍鑠，壽登大考而私心竊喜。海上自前歲畫會後，知公者益衆，每轉輾屬求，晚輒以是否真好為標準，以定承諾，若冒名
1945.6.19,北平,傅雷,书信,,按：傅雷寫給譜主信均存浙江省博物館，惟獨此信流落市場。 
1946.4.17,北平,傅雷,书信,,與傅雷書：“怒庵先生道席：……近來擬法唐敦煌發見，及宋元西北收藏名蹟，稍稍受其縛束，兼時事心緒不寧，胸臆鬱塞，每作一畫，竣工之後總覺不夠，愈加愈多，什居其九。……黄賓虹拜上。四月八日。” 
1946.9.8,北平,傅雷,见面,,陳中凡書：“賓虹道長左右：比奉損書及法繪山水，拜登之下，誦悉各節。執事年來蒐集藝術佚集甚夥，一時無從流布，可不先編一藝術定期刊物，擇要載入，他日再編為美術叢書？戰前此類期刊如《良友》、《美術生活》等，更僕難詳，現以印刷費用激增，多歸停頓。目下新出之文藝月刊，内容蕪雜，多屬宣傳圖片，了無足觀。聞貴高足傅雷先生在滬提倡藝術，不遺餘力，可不函商，屬其就近與出版商接洽，出一純藝術期刊，藉資倡導，或介凡與之
1946.9.26,北平,傅雷,寄赠,溥心畬,傅雷書：“賓虹老先生道席：前奉教言並大作文字山水，稽復為歉。尊處為房主所迫，令人恨恨。……邇來滬上展覽會甚盛，白石老人及溥心畬二氏未有成就，出品大多草率。大千畫會售款得一億餘，觀其所臨敦煌古蹟，多以外形爲重，至唐人精神全未夢見，而竟標價至五百萬元（一幅之價），彷彿巨額定價即可抬高藝術品本身價值者，江湖習氣可慨可憎。……晚傅雷拜上。十一月廿九日。” 上海畫展廣告：“齊白石溥心畬先生畫展。曹克家、黄賓
1946.11.10,北平,傅雷,书信,,按：這是一篇罕見的直言批判黄賓虹繪畫的文章，發表於1947年《藝術論壇》創刊號現代藝術論專號上。文章前半部分頗多不實之詞，有目共睹，姑且勿論。其後半部分的批判却頗具代表性，同一作品，在具有不同審美意識和藝術涵養的人眼目中，其評價居然可以相去如許懸殊（可參讀同年傅雷論畫書），真是中國現代畫壇不可多得的文獻。就施翀鵬而言，這不能歸咎於個人恩怨，而純粹是個學術問題。施翀鵬此文折射出的藝術觀具有相當的代表
1946.11.10,北平,傅雷,见面,,又：“松如親翁大鑒：日昨付航並拙畫小幀六條，惠賜續匯一百萬元，茲承盛意殷殷，為拙筆揄揚宣播，無任感荷。近日澳門、香港諸友均擬提倡中國文藝，冀弭兵争。歐美學者亦視此為當務。今暨南大學舊友，悉多南洋原籍，日有通訊，將來中外畫當合一，趨向東方文化，意趣醲厚。申江交通往來，人才薈萃，有黄山畫社常期展覽，得供觀覽，磋摩之益，漸次可以革除舊習所污染而臻高尚，此國家興起之機，非私人所竊喜而已。付航奉上拙畫黄山圖
1946.5.27,北平,傅雷,见面,,按：黄賓虹姪女黄映芬嫁江振華子鍾羲故稱“親翁”。傅雷1947年、1948年夏兩度住廬山療養，1947年5月27日與黄賓虹書中有云：“令親徽寧小學江老先生日昨亦晤及，並出示先生舊製多幀，觀賞甚快。”同年5月29日黄賓虹致傅雷書有云：“江松如舍親來函云是新組文化機關，懇附賤名於簡末。” 
1947.4.13,北平,傅雷,寄赠,,4月，英國蘇里文爲撰中國近現代繪畫史，托龐薰琹代爲徵集各家資料，由傅雷馳書徵求意見。 傅雷書：“賓虹老先生道席：前孫會元君帶下尊賜古銅印一枚，甚謝甚謝。……敝友龐薰琴君近受英國著作家蘇里文君之託，搜集吾華近代作家材料，以便寫爲比較藝術史，原函特此附上。晚不揣冒昧，已將舊存吾公畫會特刊一册（内有自序及各家詩文）送去，並擬將寄存敝處之大作册頁内選擇一二幀送去，作爲參考，效果必勝於照相翻印，倘能在英倫製
1947.4.13,北平,傅雷,见面,,傅雷書：“賓虹老先生道席：前孫會元君帶下尊賜古銅印一枚，甚謝甚謝。……敝友龐薰琴君近受英國著作家蘇里文君之託，搜集吾華近代作家材料，以便寫爲比較藝術史，原函特此附上。晚不揣冒昧，已將舊存吾公畫會特刊一册（内有自序及各家詩文）送去，並擬將寄存敝處之大作册頁内選擇一二幀送去，作爲參考，效果必勝於照相翻印，倘能在英倫製版，亦流傳吾國絶藝之一法，不知尊意以爲如何？……耑此，祗候道綏。晚傅雷拜叩。何日南來，
1947.7.9,北平,胡韞玉,书信,,7月9日晨，胡韞玉（樸安）逝世，年七十歲。 按：見丁健行《胡樸安與王均卿》，載《永安月刊》1947年9月1日第100期。胡氏晚年病廢，不良於行，猶為《永安月刊》撰《南社詩話》連載17期。
1948.1.16,杭州,傅雷,寄赠,,傅雷書：“賓虹老先生道鑒：前椷計呈左右。關春草先生不幸於前日（一月十六）病逝，今日大殮。據云係心臟衰弱，臥床兩閱月。晚前往弔唁時，曾遇王秋湄先生之女公子，為言如此。藝文同志，又弱一箇，且吊者寥寥，更增淒凉景象，令人鼻酸。以吾公素甚許可關君，特為走筆奉告。歲暮諸維珍重不宣。晚傅雷叩。一月十八日。倘天時不過寒冷，能有得意傑構寄下尤盼。” 按：關春草（1903—1948），原名報，又名善，字藻新，又字春
1948.1.25,杭州,傅雷,见面,,與陸丹林書：“丹林先生大鑒：日前欣悉潭邸為公子成嘉禮，正擬作爲拙畫寄賀，適友人張谷雛君來此，竟日與敝寓接待書畫版本諸估，常以數十人，收購晉魏六朝唐宋敦煌發現名蹟不少。而拙畫雖未竣工，俱為來客席捲，不勝怏怏。近日傅雷君挈眷來此，諒與中國文藝組織有關。渠熟悉歐西著作名人頗多，交游甚廣，擬在故都遍覓收藏古物，撰述為文。鄙人原屬游覽西北恒嵩而來，不意道途梗塞，十年之間，蜷伏杜門，惟於金石書畫，當離亂中秘藏
1948.2.29,杭州,傅雷,见面,,初春，張虹代友來北平捜購宋元名蹟，經介購得李木齋舊藏敦煌諸品與劉邦基山水等，滿載而歸。道經上海，函介訪傅雷、鄭振鐸。 張虹書：“賓虹丈道席：承示悉，俟與諸友商定來北平行期，當報覆，弟甚願得與吾公面晤，一罄十載闊別積愫也。寄示古璽鈐本佳品，當俟共賞為快。弟對於古文奇字異文釋文，不敢自信，當就正於有道。敝友黎心齋為公徵諸友請求大筆山水共筆金七十萬元，上款另列。吳偉佳送上筆金五十萬元，請大筆賜山水一幅，
1948.2.24,杭州,傅雷,书信,,傅雷書：“賓虹老先生道席：頃奉教言，並畫册十二頁，敬當待機分發友朋。吾公决意南歸，滬濱舊雨，聞之均不勝歡忭。維時局不靖，舟車侷促，一路必有妥伴照料，方策萬全。何日成行，乞早示告。上海住處，動論金條，未審已有接洽否？晚近來忙於董理舊稿，改削塗抹，浪費光陰而已。稽覆之罪，乞諒為幸。叔老時來閒話，囑代問候。耑此，敬候道綏不一。晚傅雷拜叩。三月五日。” 自題：“黄海銀濤泛濫鋪，不期片域具方壺。置身已在光明
1948.5.18,杭州,傅雷,寄赠,,5月18日，傅雷伉儷來平，數日觀畫談藝，並遣女兒、女婿等陪同遊覽故都。 傅雷書：“賓虹老先生道席：前日寄上大作照片數紙，諒塵左右。邇來大局益趨險惡，頗擬及早來舊京觀光，現正訂購飛機座位，大約下星期内可能成行。抵京之後，定當趨前晉謁，暢聆教益，並擬懇請吾公紹介，多多觀賞宋元劇蹟，藉增識見。匆此布達，祗候著綏。晚傅雷拜啟。五月十四日。”
1948.5.18,杭州,傅雷,寄赠,,傅雷書：“賓虹老先生道席：前日寄上大作照片數紙，諒塵左右。邇來大局益趨險惡，頗擬及早來舊京觀光，現正訂購飛機座位，大約下星期内可能成行。抵京之後，定當趨前晉謁，暢聆教益，並擬懇請吾公紹介，多多觀賞宋元劇蹟，藉增識見。匆此布達，祗候著綏。晚傅雷拜啟。五月十四日。” 按：十四日為星期五。
1948.5.18,杭州,傅雷,书信,,又：“賓虹老先生道席：在平攪擾至再至三，中心惶悚，難以言宣，復蒙厚貺，尤深銘感。昨日以沿途氣候欠佳，均在一萬公尺高度飛行，白雲如銀海，盡在脚下，極目無際，蔚為奇觀。舊京半月，游蹤歷歷猶在目前，翹首北望，曷勝依依，特此申謝。耑候道綏。並祝夫人納福。世兄等均此不另。後學傅雷拜啟。六月二日。” 
1948.5.18,杭州,傅雷,见面,,爲傅雷作《塵甸晴初圖》册。 自題：“戊子之春，南匯傅怒庵先生偕其夫人同游北平，遍訪故都名勝，賞覽園林、宫室陳設古物，評隲精確。猥荷枉顧寓齋，小叙又别，因圖城郊風景，以博笑正。賓虹，時年八十有五。”（上海博物館藏）
1949.12.28,杭州,傅雷,见面,,元旦，浙江省假湖濱省立民衆教育館舉辦第一次全省美術展覽會揭幕，出品並往觀。長天文藝社印畫展紀念特刊，刊有參展作品與傅雷《觀畫答客問》。 雜記：“元旦，嚴生招往民衆館觀畫展，沈鍊字、撝叔聯極佳。過訪陳伯衡君，未晤，見乃弟，少坐，室内玉造像為‘仰□（偶忘）三年’。又偕章松兄訪高繹枝，見陶瓷，均古雅。”
1949.8.5,杭州,宣古愚,寄赠,,金祖同書：“賓虹太老伯大人侍右：前者得聆訓誨，並承賜寶繪，感謝之至。茲有懇者，友人戴隆厚，績學之士，亦擅繪事，近得高郵宣古愚先生論印遺著，大人與古愚先生為舊交，擬懇撰序文並題檢，俾他日影印不致湮沒。戴君另有詳函，囑為紹介，尚祈俯允為禱。專此奉懇，即致敬禮。再姪金祖同叩。何日來申，祈另示數行，俾得趨迎。” 郭若愚書：“賓虹老伯大人賜鑒：在杭趨謁教益，蒙賜印拓多種，至感，愛護晚生厚誼不忘。綏遠印决付珂
1949.10.14,杭州,宣古愚,寄赠,,陳中凡書：“賓虹道長先生左右：客冬奉教，距今已十閱月矣。杭州解放後，未識台從設硯何許，時深結念。凡六月杪有北平之行，八月初復出渝關，東至瀋陽、鞍山、撫順，南下大連、旅順、北極、長春、哈爾濱，遥瞻黑水、白山，雄偉奇麗，信邊塞之壯觀也。九月杪南返，曾託滬友探詢住址，迄無確復，翹企南雲，悵悒如何！比見許士騏，悉仍任教杭州藝專，不禁大喜過望，用特裁箋上訊起居，祈以近况見示，藉慰遠懷。此間高教處徐平羽處長，
1951.9.14,杭州,傅雷,讣告,,9月14日，鄧實（秋枚）病逝，年七十四歲。國光印書局電囑傅雷轉告。 傅雷書：“賓虹老先生道席：年餘未通音問，伏維起居佳勝為頌。裘君柱常談及尊址已遷離棲霞嶺，但也未知新居所在。又昨得國光印書局電話，謂鄧秋老已於本月十四日謝世，囑為轉達左右。老成凋謝，良可悼念。晚蟄居不出，仍藉譯書糊口，生性頑劣，未能與世沉浮，視舊日同學如龐薰琹輩，深媿落伍矣。秋凉，諸祈珍攝，草草，祗候道綏不一。晚怒厂拜啟。九月念三日
1951.9.14,杭州,傅雷,书信,,傅雷書：“賓虹老先生道席：年餘未通音問，伏維起居佳勝為頌。裘君柱常談及尊址已遷離棲霞嶺，但也未知新居所在。又昨得國光印書局電話，謂鄧秋老已於本月十四日謝世，囑為轉達左右。老成凋謝，良可悼念。晚蟄居不出，仍藉譯書糊口，生性頑劣，未能與世沉浮，視舊日同學如龐薰琹輩，深媿落伍矣。秋凉，諸祈珍攝，草草，祗候道綏不一。晚怒厂拜啟。九月念三日。” 
1951.1.2,杭州,傅雷,书信,,在北京為時一月，與陳銘樞同居一室，得與在北京老友李濟深、陳叔通、何香凝，以及卞孝萱等相見，廠肆舊友亦奔走相告。道經上海時，訪傅雷。 與卞孝萱書：“孝萱先生大鑒：頃荷手教，承惠假高西唐詩（軼事甚罕。與焦五斗往還。焦注《焦山志》），此正我意中所覓而未禦目者，感甚感甚。羅集亦願假觀。會場閉幕，當擬走領。張譜未見，吳爲一代篆刻名賢，均是珍品。鄙意對於三代印譜尤切念。嗜古文字，將充前人所未見，而有以著録之。
1953.9.8,杭州,蔡守,见面,,存考：《畫學篇》長歌是老人晚年的一篇力作，意在就“中國畫學昇降略貢臆見”（1953年致汪聰書）。對於“中國畫學昇降”的關注，自1912年在《真相畫報》上面發表那一組未終篇的相關文章伊始，一直貫穿在老人中國畫學的整合活動之中，伴隨着對中國現代畫學探索的每一步深入和取得的悟解，老人都有新一輪的梳理。1925年《古畫微》是黄賓虹梳理中國畫學昇降的扛鼎之作，構築成其後數十年探索中國畫學演繹規律的重要平台。
1953.9.26,杭州,宣古愚,见面,,陳叔通書：“賓虹先生：久不通問，想起居健康。前過旭初來談中央美術學院擬附設中國畫研究所，弟亦知之，並探問，擬推公為主任，弟即慮北京住屋大是難題，而高齡遠遷，尤非所宜，頃知可以遥領。以公於畫學源流派別研求有素，在今日實為碩果。棲霞老屋以及杭州氣候，均已便習，甚盼以所有述作各稿均送交公家代為整理（宣古愚曾苦勸未從，今仍存家中，實為可慮），較藏之篋中為妥。春和能來京一游，以花時為宜，老友亦得快晤，同所企
1954.12.20,杭州,傅雷,见面,,存考：在這裏，老人又一再提到“弧三角”。弧三角，即本譜多處論述的不完全三角形、不整齊三角形、不方不圓。查弧三角即球面三角形，弧三角法爲古代曆算之法。光緒十五年開雕之《中西算學合訂》有“弧三角”一編，其“弧三角”術云：“弧三角，所以析渾圓，尋勾股，爲步天治曆之法也。其形有直角者爲正弧，無直角者爲斜弧。正弧如平三角之有勾股形，其直角取法於黄赤相交，有定度；餘角則取法於過極圈交黄道之角，無定度，皆以一角
1954.4.28,杭州,傅雷,书信,,4月28日、29日，傅雷疊書評近作畫。 傅雷書：“賓虹老先生道席：承惠畫幅弍批，均已拜收。尊論畫派，精當無匹，惟歐西有識之士早知宋元方為吾國繪畫極峰，惜古來贋製太多，魚目混珠，每使學者從無研究，斯為憾事耳。尊畫作風可稱老當益壯，兩屏條用筆剛健婀娜，如龍蛇飛舞，尤嘆觀止。惟小册純用粗綫，不見物象，似近於歐西立體、野獸二派，不知吾公意想中又在追求何等境界。鄙見中外藝術巨匠，畢生均在精益求精，不甘自限，
1954.4.28,杭州,傅雷,寄赠,,傅雷書：“賓虹老先生道席：承惠畫幅弍批，均已拜收。尊論畫派，精當無匹，惟歐西有識之士早知宋元方為吾國繪畫極峰，惜古來贋製太多，魚目混珠，每使學者從無研究，斯為憾事耳。尊畫作風可稱老當益壯，兩屏條用筆剛健婀娜，如龍蛇飛舞，尤嘆觀止。惟小册純用粗綫，不見物象，似近於歐西立體、野獸二派，不知吾公意想中又在追求何等境界。鄙見中外藝術巨匠，畢生均在精益求精，不甘自限，先生亦不在例外。狂妄之見，不知高明以爲然
1954.9.20,杭州,傅雷,书信,,9月20日下午舉辦座談，傅雷作學術發言，謂“西畫與中畫，近代已發展到同一條路上”。 《傅雷家書》9月21日：“華東美協為黄賓虹辦了一個個人展覽會，昨日下午舉行開幕式，兼帶座談。我去了，畫是非常好。一百多件近作，雖然色調濃黑，但是渾厚深沉得很，而且好些作品遠看很細緻，近看則筆頭仍很粗。這種技術才是上品！我被賴少其（美協主席）逼得没法，座談會上也講了話。大概是：（一）西畫與中畫，近代已發展到同一條路上
1954.9.21,杭州,傅雷,书信,,《傅雷家書》9月21日：“華東美協為黄賓虹辦了一個個人展覽會，昨日下午舉行開幕式，兼帶座談。我去了，畫是非常好。一百多件近作，雖然色調濃黑，但是渾厚深沉得很，而且好些作品遠看很細緻，近看則筆頭仍很粗。這種技術才是上品！我被賴少其（美協主席）逼得没法，座談會上也講了話。大概是：（一）西畫與中畫，近代已發展到同一條路上；（二）中畫家的技術根基應向西畫家學，如寫生、寫石膏等等；（三）中西畫家應互相觀摩、
1954.11.9,杭州,傅雷,寄赠,,11月9日，傅雷伉儷游杭州，訪於湖畔，盤桓兩日，觀覽藏畫，暢談畫理。 傅雷書：“賓虹老先生道席：……明晨擬挈眷來杭小住一二日，屆時當趨候，並拜觀尊藏精品，倘有現成小册頁（寄國外尤以小幅為便），亦懇撿出若干，敝處所存，近已分罄。匆此先聞。謹候道綏。晚怒庵拜上。十一月八日。”
1954.11.9,杭州,傅雷,寄赠,,傅雷書：“賓虹老先生道席：……明晨擬挈眷來杭小住一二日，屆時當趨候，並拜觀尊藏精品，倘有現成小册頁（寄國外尤以小幅為便），亦懇撿出若干，敝處所存，近已分罄。匆此先聞。謹候道綏。晚怒庵拜上。十一月八日。” 又：“賓虹老先生道席：在杭叨擾多日，深恐過於勞頓；夫人殷勤相款，亦以精神虧損為慮。携滬畫件，承慨允割愛，尤見盛情。……晚怒庵拜上，内人同叩。十一月十三日。”
1954.11.9,杭州,傅雷,书信,,與傅雷書：“怒庵先生文席：日昨大駕惠臨，諸多暬猥，蒙賢伉儷垂青，伴宴湖樓，兼荷厚貺，感恧無已。頃誦教言，欣悉安抵申江，復饒清興。評騭舊畫，卓識高超。吳門四家，前三百年論者已謂文沈易得，唐仇難求，敝篋所有，俱未敢信為真，雖無中郎，而見虎賁，以爲尚有典型，存之備考。（宋元畫往往後人補款，留傳可存。）餘件物不足珍。輓近迭經兵燹，散佚幾盡，片縑寸楮，聊供研究，當大雅所不棄也。容遇合觀精品，即圖補報。祗領頓
1954.12.20,杭州,傅雷,书信,,12月20日，致書傅雷論畫。 與傅雷書：“怒厂先生著席：疊誦手書，藉悉起居，劬勤文藝研究，於古今變遷尤加邃密，誠感誠佩。近今以聯邦友好傾心東方學術，促進我國提高社會民族，此千載盛事，難得之至。國畫鄙見分三時期：上古三代，晉魏六朝，由石器銅鐵匋瓷骨角，變鍥刀為柔毫。造象畫壁，筆墨丹青，古人有法而不言法，政教宗教各以類分，畫以裝飾衣服器用為事。畫屬書算之餘事，先有象形文字，言形聲誼，形以目治，形聲假借
1954.12.20,杭州,傅雷,寄赠,,與傅雷書：“怒厂先生著席：疊誦手書，藉悉起居，劬勤文藝研究，於古今變遷尤加邃密，誠感誠佩。近今以聯邦友好傾心東方學術，促進我國提高社會民族，此千載盛事，難得之至。國畫鄙見分三時期：上古三代，晉魏六朝，由石器銅鐵匋瓷骨角，變鍥刀為柔毫。造象畫壁，筆墨丹青，古人有法而不言法，政教宗教各以類分，畫以裝飾衣服器用為事。畫屬書算之餘事，先有象形文字，言形聲誼，形以目治，形聲假借，誼即會意。書法流美，有弧三角
1954.12.21,杭州,傅雷,寄赠,,12月21日，寄陳叔通、傅雷書。 按：據譜主《一九五四年十二月日記片斷》。
1955.3.24,杭州,傅雷,书信,,是日，傅雷聞悉病情加劇，因去冬傷腿，不能前来，焦慮萬分，馳書宋夫人詢近况。 傅雷與宋若嬰書：“黄太太：久未通函，因去冬不慎失足傷腿，卧床旬餘，前日得鄭軼甫君電話，悉賓翁胃病甚劇，聞之殊深焦慮，又以工作繁忙，未能到杭省視，益為悵悵。近日醫院治療經過如何？杭州主治醫生曾提及需要到滬用鐳錠醫治否？倘蒙將近情見告，以釋遠念，尤為盼切。……代向賓翁多多致意。耑肅，敬候春綏。怒庵拜上，内子同叩。三月廿四日。”
1955.3.24,杭州,傅雷,书信,,傅雷與宋若嬰書：“黄太太：久未通函，因去冬不慎失足傷腿，卧床旬餘，前日得鄭軼甫君電話，悉賓翁胃病甚劇，聞之殊深焦慮，又以工作繁忙，未能到杭省視，益為悵悵。近日醫院治療經過如何？杭州主治醫生曾提及需要到滬用鐳錠醫治否？倘蒙將近情見告，以釋遠念，尤為盼切。……代向賓翁多多致意。耑肅，敬候春綏。怒庵拜上，内子同叩。三月廿四日。” 
1955.3.25,杭州,傅雷,书信,,3月25日，凌晨三時三十分，醫藥罔效，長辭人間，享年九十二歲。在病中仍惦念傅雷，稱他是一生“最大的知己”。26日，由沈雁冰等組成治喪委員會，發出“訃告”。 《傅雷家書》3月27日：“聰：……黄賓虹先生於本月25日在杭患胃癌逝世，享壽九十二歲。以藝術家而論，我們希望他活到一百歲呢。去冬我身體不好，中間摔了一跤，很少和他通信；祇是在11月初到杭州去，連續在他家看了二天畫，還替他拍了照，不料竟成永訣。聽
1955.3.27,杭州,傅雷,讣告,,《傅雷家書》3月27日：“聰：……黄賓虹先生於本月25日在杭患胃癌逝世，享壽九十二歲。以藝術家而論，我們希望他活到一百歲呢。去冬我身體不好，中間摔了一跤，很少和他通信；祇是在11月初到杭州去，連續在他家看了二天畫，還替他拍了照，不料竟成永訣。聽説他病中還在記掛我，跟不認識我的人提到我。我聽了非常難過，得信之日，一夜没睡好。” 報導：“著名畫家黄賓虹先生病逝著名畫家、中國人民政治協商會議第二屆全國委
1955.3.27,杭州,傅雷,见面,,贅言：嚴酷的眼疾没有擊倒老人意志，無情的癌癥却奪走了老人的頑强的生命。他走了。縱覽老人一生九十個寒暑，充滿了種種政治、藝術和個人的變故和磨難，他對藝術的鍾情始終不渝，勞作了一生，他該歇歇了。可以說，老人是為中國現代藝術的振興而生的，他把一生的大半輩子無私地獻給了這個事業。他繼承發揚了古人的崇尚内美的優良傳統，在中西文化大交流的歷史條件下，將道咸畫家變革清代畫壇柔靡畫風、追踪内美的勢態提昇到一個全新
1955.10.18,杭州,傅雷,书信,,傅雷文集  安徽文藝出版社1998年版 傅雷書信集  上海古籍出版社1992年版
1955.10.18,杭州,傅雷,书信,,傅雷書信集  上海古籍出版社1992年版 傅雷書簡  生活·讀書·新知三聯書店2001年9月版
1955.10.18,杭州,傅雷,书信,,傅雷書簡  生活·讀書·新知三聯書店2001年9月版 近代印人傳  馬國權著  上海書畫出版社1998年12月版
1955.10.18,杭州,黄節,书信,,蒹葭樓自定詩稿原本  黄節著  廣東人民出版社1998年版 審美心理描述  滕守堯著  中國社會科學出版社1985年版
