Year,Date,Location,Target_Name,Target_Location,Interaction_Type,Primary_Topic,Description,Weight
1872,1872,安徽/金华,汪達川,待考,书信,日常交流,與汪達川書：“回憶當髫年，程氏夫子昆仲館穀尊賤兩家私塾，時晤潭邸尊長訓迪，如在目前，忽忽數十年矣。”...,6
1873,1873,上海,宋若嬰,上海,雅集,个人生活,12月，丁衍鏞受廣州博物院之託，來滬徵集藝術作品，於小有天菜館招待上海藝術界人士。與宋若嬰夫人出席宴會，允以畫件捐贈。...,10
1873,1873.12.15,上海,王一亭,上海,聘任,艺术教育,强《廣州博物院徵集名家作品》：“廣州市立博物館籌備委員會美術部主任丁衍鏞氏，近受廣州博物院之託，來滬徵集藝術作品，赴粤陳列，以期永久保存。於日前下午六時，在小有天菜館招待本埠藝術界，到數十人，席次由丁...,10
1888,1888,南京,楊仁山,南京,见面,日常交流,《九十雜述》：“戊子游金陵，知甘叟元焕、楊叟長年，及儀徵劉氏諸學長，知有東漢、西漢之學。……晤楊仁山居士，窺佛學及輿地之學。”...,10
1891,1891,安徽/金华,汪仲伊,待考,书信,艺术创作,汪譜：“仍問業於韜廬，與汪仲伊子律本（鞠卣）、福熙（吉修）研究書畫，並常習彈琴、擊劍之術（見先生口述事略）。”按：此事汪譜紀於1891年，以本年有與汪氏昆仲合作畫傳世，故繫於此。...,6
1891,1891,安徽/金华,汪福熙,待考,书信,日常交流,與汪福熙書：“吉修大兄大人閣下：自聆雅教，感激殊深，遥企之餘，彌殷渴慕。藉念文祉潭祺，均臻多祜，至以爲頌。邇來久雨連綿，路途艱滑，未克遽能回里；兼以舍親病甫見癒，尚需調治之時，又不得不暫留一候，以酬眷...,6
1891,1891,安徽/金华,鄭雪湖,安徽/金华,见面,艺术创作,《自叙》：“游皖公山，訪鄭雪湖丈珊，年八十餘。聞其於族中有舊，余持自作畫，請指授其法。鄭丈曰：‘惟有六字訣，曰實處易，虛處難，子謹志之，此吾曩受法於王蓬心太守者也。’余初不爲意，以虛實章法而言，遍求唐...,6
1891,1891.07.01,上海,傅雷,上海,见面,艺术创作,對於前者，編撰者特别拈出譜主在視覺感知方面的階段性變化，幫助說明其個人風格語言的衍變過程。從考辨譜主1891年頃造訪畫師鄭珊得“實處易、虚處難”六字訣的史實，到分析1929年7月1日譜主發表《虚與實》...,10
1892,1892,南京,汪福熙,待考,书信,个人生活,與汪福熙書：“吉修仁兄世大人閣下：白門叙晤，快領麈談，匝月雲分，縈懷兩地，如饑如渴，馳念爲勞。辰惟履祉起居增祜爲頌。上日接友人來信，聞文駕於二十六日道經鳩江，屈指驛程，亮早安抵涇川，叙樂事於天倫，聽好...,6
1895,1895,南京,汪福熙,待考,书信,鉴赏收藏,致汪福熙書：“吉修大哥世大人惠鑒：秣陵話教，備承愛拂，感佩莫宣。近維旅祺，起居多祜，式如頌私。梧枝高占，當有好音，祇恐金罍浮菊，開宴相催，不暇泛蓮花幕也。令弟鞠翁聞廿五日即可解纜直抵松滋，近已亮有竹報...,6
1895,1895,安徽/金华,譚嗣同,安徽/金华,见面,个人生活,夏，晤譚嗣同於貴池，作徹夜談。...,10
1898,1898,安徽/金华,汪國偉,待考,书信,艺术教育,汪譜：“受郡城許宅之聘，教許大受（容卿）經史（見汪國偉函）。”...,10
1898,1898,安徽/歙縣,汪福熙,待考,书信,日常交流,與汪福熙書：“劼翁大哥世大人閣下：茲由府報，疊奉惠緘，百感交集。藉悉履祉籌綏，諸臻佳勝如祝。蒙示為鄉里策自治，以清煙館、興女學、創工藝諸務為要，誠得富强根本，敬佩無似。然我鄉文明程度尚低，開通者恒居少...,6
1900,1900,上海,王一亭,上海,雅集,社会革命,《南社第十次雅集記事》：“甲寅南社第十次雅集於歇浦，雅集次日，葉楚傖以所得《午夢堂集》及《分湖吊夢圖》，約同人往觀。《分湖吊夢圖》為楚傖訪小鸞墓址之作，囑黄樸人、蘇曼殊、蔡哲夫、王一亭所繪者也。”...,10
1900,1900,上海,蔡守,廣州,书信,个人生活,蔡守《喜遷鶯》：“甲寅歲除不寐，思去年今日在滬瀆，驅車訪劉三，過徐家匯故居。余以己酉春挈婘賃廡於斯，至辛亥春（？）始歸里，一旦重來，門廳猶昔，與鄰人話舊，低徊久之。旋至黄葉樓，一別四載，殘年再晤，喜可...,10
1900,1900,上海,高吹萬,待考,书信,日常交流,初夏，黄節北上京師，道出滬江，一傾闊別積年愫懷，並馳書金山張堰，邀高吹萬來滬叙晤不果。...,6
1905,1905,安徽/歙縣,許承堯,安徽/歙縣,聘任,艺术教育,4月，許承堯改歙縣貢院為新安中學堂，聘任學堂國文教習，數月後改任管理，與監學鮑振炳失和，未幾遂辭去。...,10
1906,1906,上海,傅雷,上海,书信,艺术创作,拙文《憑虛取神蹠實取力——黄賓虹畫學的虛實之變》：“與其說，以其渾厚華滋面貌特異的作品貢獻給藝林，毋寧說，黄賓虹更側重以藴含中國古代哲理的畫學智慧尋求中國畫的再生。在歐風東漸大浪潮的衝擊下，疲而乏力的...,10
1906,1906,安徽/金华,柳亞子,上海,书信,个人生活,致柳亞子書：“亞廬先生鑒：日前承眎函及雷母夫人訃，屬撰哀誄，義無可辭。然僕自惟文筆薄弱，不足以當厚意，遲遲未及奉答，非第為俗纏也。入春稍閒，走筆成此，荒率不堪，慎勿以示外人，增益醜惡，幸甚盼甚。僕近知...,10
1906,1906,上海,賀天健,待考,书信,鉴赏收藏,按：王雲僧（1876——1960），名鶴，號鶴巢、雲僧，無錫人。師從過華坡，廣覽歷代真蹟，博採衆長，自成一派。終身致力國畫創作，在無錫畫壇上，聲名頗盛。與胡汀鷺、賀天健等創辦無錫美術專科學校、女子美術...,10
1906,1906,蘇州,陶冷月,蘇州,聘任,艺术教育,《中國畫研究會消息》：“本校為華僑子弟最高學府，藝術佔文化上重要位置，故藝術院亟需設立。下學期擬先辦中國畫系，本學期先設中國畫研究會，以爲增設中國畫系之預備。特由校長聘任前長沙雅禮大學藝術教授、吳門名...,10
1907,1907,上海,蔡守,廣州,书信,鉴赏收藏,恩銘聞報大驚，欲嚴辦，沈曾植、馮煦竭力爲之辯解，正當此際，恩銘被徐錫麟刺殺，此案方得以平息。在滬與國學保存會鄧實、黄節、蔡守訂交，加入國學保存會，參觀該會藏書樓金石書畫室，談書論畫，並將隨身携帶之稿交...,10
1909,1909,蘇州,柳亞子,蘇州,见面,社会革命,《九十雜談》：“南社成立，余與去病赴蘇州出席與會，柳亞子賦詩記其事，有‘寂寞湖山歌舞盡，無端豪俊又重來’句，内多寓意。時宣統元年十月初一，今以陽曆計，即十一月十三日也。”...,10
1909,1909,上海,潘飛聲,待考,书信,鉴赏收藏,47、鄧實題《荔支灣送別圖》有“少日曾為天外客，詩成人喚酒中仙”句，點出潘飛聲早年赴歐的閱歷。潘著有《天外歸槎錄》二卷，光緒甲午（1894）三月 刻 於棲柵老屋，黄士陵篆書署檢。為光緒十六年庚寅（18...,10
1909,1909,安徽/歙縣,蔡守,上海,书信,文化出版,春，移交堨務畢，出新安江赴安慶，應聘安徽存古學堂，枉道上海，鄧實堅意挽留襄辦神州國光社，遂接受聘請，居藏書樓，與重來上海的蔡守共同從事徵稿、鑒定、編輯、印製事務。...,10
1909,1909.04.16,上海,潘飛聲,上海,活动,文化出版,45、 潘飛聲，廣東番禺人。1909年赴京代同鄉沈宗畸（1865-1926）主編《國學萃編》。離穗前，伍德彝（1864-1927）繪《荔支灣送別圖》（香 港中文大學文物館藏）相贈，後有黄節三月題詩。出...,10
1909,1909.11.13,蘇州,蔡守,蘇州,雅集,社会革命,11月13日，偕蔡守、馮心俠、景耀月自蘇州城聯騎赴虎丘南社第一次雅集。...,10
1909,1909.11.15,上海,柳亞子,上海,雅集,社会革命,秦瘦鵑《南社二十週年雅集記》：“前日之總理誕辰紀念，實為國民政府完成北伐後之第一次，故各地民衆慶祝之熱烈，遠勝往年。而宿以文字鼓吹革命之南社，又適於是日欣逢二十週年紀念。蓋己酉年（1909年）十月初一...,10
1910,1910,上海,柳亞子,上海,雅集,日常交流,按：第三次雅集到會社友十九人，計有柳亞子、朱少屏、馮心俠、黄賓虹、雷鐵厓、包天笑、余天遂、朱叔源、朱伯裳、鍾愪庵、蔡笛怡、何競南、華子翔、周柏年、張佚凡、孫藹如、王无生、范鴻仙、林白水。這次雅集修改條...,10
1910,1910,上海,蔡守,上海,活动,艺术创作,夏，作畫贈胡適，並托蔡守轉遞信件。...,10
1910,1910.04.10,上海,王一亭,上海,书信,艺术创作,《上海書畫研究會簡章》：“中國古今書畫，擅絕藝林，久為東西人士所推服。自經兵燹，宋元名蹟僅有存者，即勝國及本朝法書名畫，亦燬失過半，海內收藏家珍秘過甚，後學未易觀摩，間有一二流傳，動索重價，輒為海外人...,10
1912,1912,上海,柳亞子,上海,雅集,日常交流,按：此次雅集與會的四十人名單如下：柳亞子、朱少屏、馮心俠、龐檗子、姚石子、鄒亞雲、鍾愪庵、顧振庠、張彦成、王省明、黄賓虹、胡樸安、陽惕生、雷鐵厓、葉楚傖、汪旭初、徐粹庵、杜尚陵、沈怡中、袁劍侯、吳信三...,10
1912,1912,上海,陳柱,上海,见面,艺术创作,陳柱尊《黄賓虹先生山水畫册序》：“余識先生於三十載前，時方弱冠，先生長於余三之一，長身鶴步，奇氣鬱勃眉宇間，蓋黄嶽之精，以一身聚之者，一見相與高睨大談，舉所摹元人精品以贈，遂為忘年爾汝之交。”...,10
1912,1912.02.19,上海,王一亭,上海,书信,鉴赏收藏,雪崖《青青書畫會讀畫記》：“客歲除夕飲於老友化佛家，酒豪興，縱談書畫。彼謂今庚新正，海上書畫名手王一亭、曾農髯、黄賓虹、志圓諸人組織青青書畫金石展覽會，陳列於報本堂，邀余相助。余於書畫金石均未深究，然...,10
1912,1912.03.13,上海,柳亞子,上海,雅集,社会革命,柳亞子《我和南社的關係》：“這一次是在1912年（民國元年）3月13日舉行的，地點，不用説，還是愚園呢。到的人恰恰有四十位，不多不少，雅集的順序，是愚園茶話，民影拍照，杏花樓晚宴而散。”...,10
1912,1912.03.23,上海,賀天健,待考,书信,艺术创作,《會場讀畫記略》：“蘇省美術展覽會讀畫記略，會場畫分學校出品、美術家出品二部，美術家作品又分洋畫、國畫二部，今次國畫推舉審查員，如吳昌碩諸君，各有所作，山水、人物、翎毛、花卉、竹石等類作品，人有專長，...,10
1913,1913,上海,高劍父,上海,见面,日常交流,9月，秋八月，於鄧實風雨樓晤高劍父，並與張虹(谷雛)訂交，時張氏將隨高劍父赴景德鎭。...,10
1914,1914,上海,柳亞子,上海,书信,个人生活,致柳亞子書：“僕近在老垃圾橋北，闢一廛宇，曰‘宙合齋’，以與同人叙談。擬撰楹帖云：宙有古往今來之訓，合於無工物巧而珍，祈郢正之。”...,10
1914,1914,上海,高吹萬,待考,书信,日常交流,致高燮書：“近敝寓居美界垃圾橋北堍，賃市廛曰‘宙合齋’，藉以綢繆古懽，晉接時俊，聊以遣日。”...,6
1914,1914.01.22,上海,宣哲,上海,见面,鉴赏收藏,1月22日，蔡哲夫將游山東，道出上海，同訪宣哲，遍觀其所藏金石，程雲岑拓贈以金文拓數種，蔡哲夫手拓宣哲所藏隋大業四年蔡元仲造像一紙，同為題跋於上。...,10
1915,1915,上海,柳亞子,上海,见面,鉴赏收藏,夏，高燮與柳亞子、姚光携眷同游西湖，各有吟詠，歸合刊為《三子游草》，應高燮之請，爲其《武林舊游草》題耑，並繪圖題詩贈之。...,10
1915,1915,上海,汪律本,上海,见面,鉴赏收藏,在貴池期間，與汪律本友人晤叙，並轉請工於詞律的汪氏代作《虞美人》詞，歸途中略改易數句，以合吳湖帆請題其所藏《董美人志》本義。...,6
1915,1915,上海,汪福熙,待考,书信,日常交流,與汪福熙書：“劼修大兄婣世先生左右：歲月如流，倏焉十載。前聆台從就養京門，曾奉寸函，嗣晤文郎采伯（按：汪采白），詢悉起居順適，諸如心祝。初冬薄游池州，聞崧長七十大慶，時以奔馳舟車之際，未遑握管。日昨返...,6
1915,1915,上海,經亨頤,待考,书信,艺术创作,9月，赴經亨頤、陳樹人、何香凝召集之海上書畫同人雅集。...,10
1915,1915.09.22,上海,余紹宋,待考,书信,文化出版,按：自此黄、余就《美術叢書》續編事進行了商榷，就《余紹宋日記》9月22日和10月10日兩條所記，余氏有兩封覆信，令人遺憾的是余紹宋給黄賓虹的信件佚散，而黄賓虹致余紹宋的信件，承余子安先生函告，在“文革...,6
1915,1915.09.25,上海,陶冷月,上海,雅集,艺术教育,俞劍華《畫謔記》：“新華藝大為籌募基金，擬赴日展覽會，特於昨晚（9月25日）宴海上名畫家於校長俞寄凡君私邸，張聿光、王陶民與不才均為主人，來賓到者計經亨頤、張善孖、張大千、馬孟容、鄭曼青、馬公愚、黄賓...,10
1915,1915.10.17,上海,王一亭,上海,书信,艺术创作,悲厂《海廬雅讌》：“經亨頤、陳樹人、何香凝於月前會宴海上藝術名流於海廬，到者有王一亭、曾農髯、商笙伯、黄賓虹、樓辛壺、馬孟容、馬公愚、張大千、張善孖、鄭曼青、鄭午昌、張紅薇等書畫家三十餘人，一時羣賢畢...,10
1915,1915.10.19,上海,王一亭,上海,书信,艺术创作,《中日現代繪畫展覽會開始鑒別》：“中日現代繪畫展覽會宣稱：本會籌備已久，關於鑒別委員會事，尤為鄭重，特於上月召集發起人會，用記名投票法選舉之，除到會人當場票選外，其不列席之諸發起人，再由會中備函通知，...,10
1915,1915.11.11,上海,王一亭,上海,书信,艺术创作,虎《參觀中日現代繪畫展覽會》：“余最嗜書畫，舉凡書畫展覽會，莫不欣然往觀。中日繪畫展覽會組織已久，始於本月1日在徐園揭幕禮。聞前往觀者甚為踴躍。此次中國畫陳列極有順序，分爲人物、花木、鳥獸、蟲魚、山水...,10
1918,1918,上海,劉海粟,上海,书信,日常交流,《江蘇省教育會美術研究會成立大會紀事△沈信卿當選會長  劉海粟當選副會長》：“江蘇省教育會美術研究會自發起組織以來，各地人士入會者非常踴躍。茲於十月六日下午二時開成立大會，到者百餘人。秩序如下：一、報...,10
1918,1918,上海,姚光,待考,书信,鉴赏收藏,與姚光書：“石子先生大鑒：頃辱損書，惠貺金石拓片，百朋之錫，無以過之。此器共十七字，當是周代之物。（未詳，似‘均’字）伯大父作（從角從爪從女，當非‘嬴’字）妃（從雙手奉皿，皿中盛火，係寫形）寶簋其子子...,6
1918,1918,上海,張大千,上海,活动,艺术创作,5月，何香凝、張紅薇、鄭曼青、張大千合作蘭竹菊紅楓圖，于右任題句以贈。...,10
1918,1918,上海,王國維,待考,书信,鉴赏收藏,與王國維時有面晤或通函，商榷金石之學。...,6
1919,1919,上海,柳亞子,上海,书信,社会革命,傅熊湘書：“樸存社長先生道鑒：久未會晤，至以爲念。春暄伏惟起居萬福。弟癸丑之役，曾有《紅薇感舊記》一篇，刊《南社》第十一集，所述為避地事，社中題者已得五十餘人。茲柳亞子欲為付刊，擬請我公繢一《紅薇感舊...,10
1921,1921,上海,宋若嬰,杭州,书信,鉴赏收藏,宋若嬰《黄賓虹回憶錄》：“十二月二十六日夜大雪，雪後的景色特別出色，他（指黄賓虹）有赴西湖賞雪的意思。故於翌日下午，他帶了我和侄女映采乘火車到杭州。我們投宿在湖濱旅館，房間是前後兩間，當時來看他的文化...,10
1921,1921,上海,宣哲,上海,见面,艺术创作,初春，高劍父游日，道出上海，前來過訪，云須經年而返。然僅兼旬而還滬，云日本畫家囑其回國，研習中國古畫，於是帶其造訪上海友人如宣哲等，觀其收藏中國古畫名蹟。...,10
1921,1921,上海,張大千,上海,活动,鉴赏收藏,高燮《題張大千黄山雲泉卷》：“二十年前頂上躋，胸中黄嶽夢中飛。看雲忽憶當時景，何日重游峭壁題。余於辛酉四月間，曾作黄山之游，得詩頗多，並寫有游記萬數千言。後我友黄賓虹寫圖見贈，胡樸安亦命其女公子湋平繪...,10
1921,1921,上海,潘飛聲,上海,见面,日常交流,潘飛聲《辛酉正月四日黄仲則先生生日，邀同吳昌碩、惲季申、陶拙存、周夢坡、徐積餘、楊子琴、朱念陶、惲堇叔、徐仲可、汪蘭皋、湯伯遲、胡朴庵、汪子實、黄濱虹、王蓴農、蔣少華、童心安，設筵杏花春雨樓敬祝，用《...,10
1921,1921,上海,胡韞玉,上海,见面,文化出版,按：《南香畫語》載於《儉德儲蓄會月刊》，自1921年11月第二卷第四期至第三卷第五期連載，上述引文載於第二卷第四期，其前綴以弁言，自述學畫經歷，末署“辛酉五月自記”。换言之，胡湋平是在隨父拜晤請教了黄...,10
1921,1921,安徽/歙縣,金君松,待考,书信,鉴赏收藏,高燮書：“樸存先生惠鑒：弟於上月間，與金君松岑作黄山之游，請宋君景澂為之導。抵徽時，下榻湖田，汪氏謙甫、贊勳兩君皆竭誠招待，令人感切於心，詢知湖田與尊居潭渡相距甚近，惜先生不在家中，致未得一瞻仁里為憾...,6
1921,1921.02.23,上海,潘飛聲,上海,雅集,个人生活,2月23日辛酉正月初四日，潘飛聲招集諸友設宴杏花春雨樓，赴宴者尚有吳昌碩、徐積餘、周夢坡、徐仲可、胡朴庵、童心安等十餘人。...,10
1921,1921.06.23,上海,王一亭,上海,活动,艺术创作,報導：“上海美術學校定於七月五日起舉行十周紀念繪畫展覽會，已疊志前報。茲聞該校預定贈品畫五千張，現已徵集齊備，其中名家手筆甚多。如陳師曾、王一亭、呂鳳子、吳杏芬、唐吉生、黄朴存、吳法鼎等，或中國畫，或...,10
1923,1923,上海,何志浩,待考,书信,日常交流,二十八日，書函與何志浩表侄，由航空郵寄，並內附信四通，一與朱天梵，一與謝公展，...,6
1923,1923,上海,周稷,待考,书信,鉴赏收藏,七日，午餐應老同學周稷之宴，席間多藝專教員。晚間應老同學馮建吳之宴於少城公園之靜寧飯店，席多本地紳老及金石書畫及收藏家，而馮兄所辦之東方美專教員亦有列席者。...,10
1923,1923,樂山,王景霖,樂山,见面,日常交流,八日上午訪王景霖先生，詢當地情形，四川銀元可換大銅元七十五枚，每枚鑄明二百文，實作一百五十文，小銅元每枚鑄明一百文，實作七十五文。川省礦鹽産額首推自流井，五通橋次之，叙地每八千斤鹽九百二十元，外加正稅...,6
1923,1923,上海,王治易,上海,见面,鉴赏收藏,二十七日即九月廿七日，訪王治易師長及羅希江先生，下午羅先生來訪，遷居其寓，晚間賞鑒名人真蹟及古銅瓷器不下數十件。...,6
1923,1923,上海,胡韞玉,待考,书信,日常交流,胡韞玉書：“賓虹先生大啟：手教奉悉，已轉致意黄君，黄君即照遵示，意欲具束脩以上，不知此前相從先生問業者有成例否？敢請便中示知。即頌大安。弟胡韞玉謹啟。二月十四日。（李少川住慕爾鳴路潤德里一百五十九號。...,10
1923,1923,上海,賀天健,上海,见面,日常交流,客歲徒步浙西，觀江潮，謁釣台，窮天目，雖備歷辛勞，餐乎謁舍，宿乎客亭，而樂亦無涯。今秋擬游匡廬一識真面，束裝已就，忽老友賀天健來告，黄賓老將入蜀，不若同往為得，余欣然往晤，遂訂中秋日出發。...,10
1923,1923.05.20,上海,胡韞玉,上海,见面,日常交流,5月20日，應約與胡韞玉、朱尊一在儉德儲蓄會叙晤。...,10
1923,1923.05.27,上海,胡韞玉,上海,见面,日常交流,5月27日，應胡韞玉約與陶牧叙晤。...,10
1923,1923.08.21,上海,王一亭,上海,书信,艺术创作,《記停雲書畫社組織之緣起（來）》：“法租界大自鳴鐘之南（榜署麥底安路）明德里一衖，海上停雲書畫社在焉。陰曆七月朔開幕成立。記者先期亦奉函招，因得躬與其盛。是日適颶風挾雨，陰饐（食改日）如晦，而一時碩德...,10
1924,1924,上海,鄧椿澍,上海,活动,艺术创作,冒嚴寒赴虎丘，與鄧椿澍、雪葊合作《冷香閣圖卷》，並為金天翮作《虎丘探梅圖》，詩酒冷香，極一時之樂。...,6
1924,1924.01.25,上海,王一亭,上海,书信,日常交流,《蘇省美術展覽會之籌備員會》：“江蘇省教育會美術展覽會籌辦江蘇省第一屆美術展覽會，幹事準時到會者，有章伯寅、劉海粟、王濟遠、汪亞塵、張辰伯、何明齋、顧久鴻、劉利賓、薛演中、謝公展（張辰伯代表）、楊清磬...,10
1924,1924.04.28,上海,林思進,上海,见面,艺术创作,4月28日癸酉四月初四日訪林思進，請以贈亮生、仁波畫扇轉交，並告以十日內將遊青城山。...,10
1925,1925,上海,毛澤東,上海,见面,日常交流,按：李濟深（1886—1959），字任潮，生於廣西蒼梧。武昌起義後，任革命軍第二十二師參謀長。1925年任國民革命軍第四軍軍長。1926年當選為中國國民黨第二屆中央執行委員，兼任國民革命軍參謀總長。四...,6
1925,1925,上海,鄧實,上海,见面,艺术创作,此際，在商場與鄧秋馬相晤，歸後作畫以贈。...,9
1925,1925,上海,高劍父,上海,活动,艺术创作,按：黄般若（1901—1968），廣東東莞人。廣東癸亥合作社、國畫研究會創辦人之一，鄧爾雅婿。約本年代表國畫研究會撰文與高劍父門人方人定就國畫改良問題進行激烈的論戰。...,10
1925,1925.11.30,上海,曾熙,上海,见面,艺术创作,返滬後，11月30日甲子十一月四日訪曾熙，論畫甚洽。...,6
1925,1925.12.18,上海,王一亭,上海,书信,艺术创作,《新華藝術書畫會盛况》：“新華藝術大學創辦至今，業已三載，成績卓著，早已蜚聲中外。今歲因來學者驟增而大加擴充，致經濟方不免拮据，為補救起見，故特定於本月16日至19日借寧波同鄉會舉行籌款書畫展覽會。會...,10
1926,1926,上海,劉公魯,待考,书信,艺术创作,與劉公魯書：“公魯先生大鑒：日昨惠臨，失迓為歉。承假金元玉、徐天池法書，程青溪、袁隨園畫卷，郙閣頌、禹窆兩搨，共六件，先謹奉趙，兩種仍在陳淮生君處，聞將由渠面謝。拙作《雅集圖》先此擬稿博笑，容暇點染設...,6
1926,1926,上海,姚雲江,待考,书信,日常交流,曾熙致姚雲江書：“本日午後六時，約黄樸翁携石濤來舍（萬不可不看也，恐不能留），弟可帶石濤、瞿山及倪迂之軸來舍會校。雲江弟，髯頓首。廿九。”...,6
1926,1926,上海,宋若嬰,上海,见面,个人生活,又：“發起人：狄平子、汪瘦岑、孫純齋、何實齋、黄賓虹、陶明霞、虞澹涵、談玲君、宋若嬰、汪旭雲。”...,10
1926,1926,上海,張善孖,上海,见面,日常交流,黄般若《憶賓虹老人》：“我丙寅年（1926年）到上海，到步之時，馬上往訪賓虹老人、易大厂、王秋齋等。賓虹老人那時住在上海西門路，他樓下是張善孖、大千的寓所，門前有‘曾李同門會’的木刻牌匾。當時張大千先...,10
1926,1926,上海,張大千,上海,活动,艺术创作,張大千畫山水相贈。...,10
1926,1926,上海,蔡守,上海,见面,文化出版,按：談月色於壬戌（1922）二月十二日歸於蔡守，見徐珂《天蘇閣叢刊·可言》卷五。...,10
1926,1926,上海,許承堯,歙縣,书信,艺术创作,與許承堯書：“霽公先生鑒：遠荷賁緘，過蒙註飾，恧感恧感。屬書楹額，綜襍籀篆，希賜教正。歙中一丘一壑，皆入畫圖，所惜前人著述書籍散佚無存。僕近擬輯徽郡詩人傳略，以志乘及諸大家詩文集為藍本，而邑中先哲詩集...,10
1926,1926.02.20,上海,宣哲,上海,见面,艺术创作,按：自2月20日至4月共出版四期《藝觀》畫刊，會員計有劉晦之、宣哲、徐積餘、高君介、秦曼青、王雪帆、李公度、姚光、朱伯蔭、羅完白、吕蔭任、葛子嚴、吳履夷、蔣蓮僧、鄧爾雅、蔡哲夫、談月色等。...,10
1926,1926.11.10,上海,劉海粟,上海,活动,艺术创作,“現代名畫家近作展覽會”報導：“年來海上繪畫展覽會風起雲湧，畫風之盛，可謂極矣，特皆屬個人或少數人合作之舉，從未有集合第一流諸大名家之佳作而為盛大之展覽者。茲得可靠消息，海上諸君畫家有合作展覽近作之舉...,10
1926,1926.11.19,上海,鄭午昌,待考,书信,艺术创作,《鼎臠社舉行書畫展覽》：“鼎臠社因發行已屆一年，爰定今明二日借蓬路日本俱樂部，陳列社友黄賓虹、張小樓、胡佩衡、黄藹農、許徴白、鄭午昌、錢化佛、繆谷瑛、楊葊（去草）等書畫作品二百餘件，同日並陳列宋元以來...,10
1927,1927.10.12,上海,陶冷月,上海,雅集,个人生活,按：秋英會展覽會由趙半跛、謝公展發起。爲此，10月12日他們宴請上海文藝界人士，以生有《秋英會之宴》之記，刊於10月14日《申報》，照錄如次：“前日漢陽趙半跛、鎮江謝公展同宴海上文藝界諸君於大加利酒樓...,10
1928,1928,上海,劉海粟,上海,书信,艺术创作,程演生《意大利現代畫家薩龍傳》：“薩龍Zanon君一名薩龍利，生於意大利威尼斯Venice北鄉，家世名族，所居宅三百年前建築也。大父收藏宏富，畫自白禮立Bellini狄希陽Titian以下莫不備。君幼...,10
1928,1928,上海,吳鳴,待考,书信,艺术创作,與吳鳴書：“憶前三十年，粤有六榕寺僧鐵禪，以友人黄晦聞君介紹晤談。有畫會數百人，均居氏弟子，傳宋藕塘之學，實一大作家，學北宋畫者，余極愛之。”...,6
1928,1928,上海,王一亭,上海,雅集,艺术创作,5月，京華美術學院院長邱石冥南下遊覽名勝，攜有個人作品與學生成績以及學院教授合作作品百餘件，道經上海，與中國畫會同仁王一亭、張聿光等設宴功德林歡迎，並發起展覽。...,10
1928,1928,上海,蔡哲夫,上海,见面,个人生活,訪蔡哲夫於寓所牟軒，授其繼室談月色以用筆用墨之法。...,6
1928,1928,上海,蔡守,上海,见面,个人生活,拜訪蔡守，出示在灕江所得孟麗堂畫，亟稱其宿墨之妙，蔡氏與夫人張傾城、談月色相與欣賞，並臨摹一幀。...,10
1928,1928,上海,鄭午昌,上海,活动,艺术创作,按：《玉愚畫趣》收作者題贈陳散原、蔡孑民、曾農髯、鄭洪年、朱古微、王雲五、黄賓虹、季融五、張大千、李雋青山水十幅，題贈季毅生、鄭午昌花卉二幅。有《小傳》一，錄如下：“俞劍華以字行，號玉愚，別署榆園，魯...,10
1928,1928,上海,陳柱,上海,雅集,文化出版,合影記：“廣西大學暑期演講會諸講師過港，本報同人設宴為之洗塵，並攝影以爲紀念。前行盤坐者自左至右：一為哲學教授丘景尼，二為《工商報》廣告部主任陳季度，三為國立北大法科教授白鵬飛，四為本報總編輯黎工佽，...,10
1928,1928,上海,陶冷月,上海,聘任,艺术教育,春，陶冷月受聘暨南大學中國藝術系主任，由徐悲鴻介，允任中國畫史講席。與陶冷月遊無錫，在梅園天心台合影。...,10
1928,1928,上海,高劍父,待考,书信,鉴赏收藏,造門拜訪高劍父，見其門楣榜書“藝術救國”四大字，留下深刻印象。...,6
1928,1928.01.24,上海,鄭午昌,待考,书信,日常交流,《中國文藝學院籌備告成》：“中國文藝實居世界文化特殊之地位，惟因西洋文藝輸入以來，幾有喧賓奪主之勢，且趨時之流，崇洋抑夏，守舊之士，泥古薄今，致吾國固有文藝，日就式微，後進青年欲研究我國之高深文藝，無...,10
1928,1928.04.26,上海,陶冷月,待考,书信,艺术创作,俞劍華《名園展畫記》：“友人許君士騏集古今名畫數百件，開展覽會於戈登路（今江寧路）大華飯店，昨偕友往觀。陳列室為皇后廳，計分四室，最東一室為古畫，餘為今畫。古畫部有周文矩《倦繡圖》、黄筌《鷺鷥柳菊》、...,10
1928,1928.05.16,杭州,余紹宋,杭州,见面,日常交流,5月16日，介孔德博士至杭州訪余紹宋，是晨恰余氏自廣州歸杭，補睡未晤。...,6
1928,1928.05.26,上海,王一亭,上海,雅集,艺术教育,《邱石冥國畫展覽會》：“北平名畫家邱石冥主辦京華美術學院凡十餘載，近攜個人傑作及學生作品百餘軸南下遊覽名勝，假道滬濱，本市中國畫會名家王一亭、黄賓虹、張聿光等數十人，特假座功德林設宴招待，並為發起展覽...,10
1928,1928.06.06,上海,余紹宋,上海,见面,艺术创作,6月6日，復介孔德博士訪余紹宋，孔德對於中國畫重氣韻之見解頗爲余氏贊賞。...,6
1928,1928.07.01,上海,陶冷月,上海,聘任,艺术教育,《暨南藝術院之進行》：“真如國立暨南大學自鄭洪年氏長校以來，進步神速。下學年添設藝術院，先辦中國畫系，早已聘定畫家陶冷月氏為主任，籌畫進行，定七月十四日招考新生。下學期開學，教授講師都知名之士，陶氏自...,10
1928,1928.07.10,上海,劉海粟,上海,聘任,日常交流,《上海美專舉辦暑期藝術師範講習會-各省市學員紛紛報到-本月十五日正式開學》：“上海美術專科學校主辦之暑期藝術師範講習會，集全國中小學及各類師範學校之藝術教師于一堂，大半由各省市教育廳局及各文化機關，按...,10
1928,1928.07.15,上海,王一亭,上海,书信,艺术创作,長生《莫干療肺院宴徵書畫古玩記》：“肺病為人類大敵，文藝界士女尤易病肺，故療肺院與文藝界宜益有合作之需要。此莫干山肺病療養院宴徵書畫古玩之所由來也。席設於大西洋樓頭，翩翩裙屐，宴迄夜闌，所議進行辦法，...,10
1928,1928.07.16,上海,劉海粟,上海,聘任,艺术创作,《上海美專暑期藝術師範講習會開講》：“上海美術專科學校每於暑假期間，舉行大規模之暑期學校，迄今已十七屆。本年暑期藝術師範講習會，分國畫、西畫、勞作、音樂、圖案五組，學員計有十六七省三四市，多半皆由各省...,10
1928,1928.07.21,上海,劉海粟,上海,雅集,个人生活,7月21日，與柏林中國美展籌委會在華安大厦八樓歡宴赴歐辦展近二年載譽歸來之劉海粟。...,10
1928,1928.07.21,廣州,陳柱,無錫,书信,个人生活,橄欖《廣西大學籌備員過港記》：“廣西大學籌備員馬君武、陳柱尊，及暑期講習會講師陳鐘凡、黄賓虹、白鵬飛、陳欽仁、丘景尼、唐慶增、姜琦、馬名海及其夫人等，於八號、九號先後來港轉輪赴梧。到港時，黎工佽、杜其...,10
1929,1929,上海,吳一峰,上海,见面,艺术创作,按：蜜蜂畫會由賀天健、鄭午昌等發起於1929年冬，會員初期多爲中國文藝學院師生，《蜜蜂》畫刊亦頗多中國文藝學院報導，曾給人以學院同人畫刊之印象，於是編者不得不申明之。黄賓虹雖未列名會員錄，而其友人、學...,10
1929,1929,上海,夏癯禪,上海,见面,日常交流,吕夢蕉《偕叔範至西湖訪夏癯禪及黄賓虹丈》：“清芬坐對滌襟生，一榻蕭然萬跡陳。窮歲抱經甘寂寞，白頭簪筆亦艱辛。難求升米今何世，待挽狂瀾未有人。莫向西風添苦語，四川紅葉正如春。”...,6
1929,1929,上海,張善孖,蘇州,书信,艺术创作,約此際，為張善孖畫扇。張善孖來函商借新羅山人《野燒圖》。...,10
1929,1929,上海,蔡守,廣州,书信,日常交流,蔡守書：“賓虹道丈侍右：聲問久闕，時以為念。弟自春間何敘夫將軍離軍校，弟即辭職閒居。前日晦聞亦棄官去國，弟棲之五羊市上，益為寡歡。且分寓廣州、香港兩地，皆甚于長安居之大大不易，更不知何以為活計耳。比聞...,10
1929,1929,上海,鄧實,上海,书信,日常交流,秋，廣東詩人黄詠雩北游江浙過滬，與鄧秋枚、王秋湄造訪，以陳白沙自書詩卷歸之。...,9
1929,1929,上海,陶冷月,待考,书信,艺术教育,按：蓮韜館是暨南大學中國畫研究會所在地，為校長鄭洪年所設。鄭氏就讀於清經學家阮元創辦的廣雅書院，蓮韜館即為書院一處院舍，為紀念其母校，於暨南大學内設蓮韜館。1929年陶冷月去職後，謝公展任導師（編制在...,10
1929,1929.01.04,上海,陳柱,無錫,书信,日常交流,《中國學會成立大會紀》：“中國學會發起，甫經兩月，海内學者來函加入者達八十餘人，爰於元旦日假儉德會開成立大會，到者有姚明煇、胡樸安、譚禪生、胡惠生、李續川、吕志伊、龐青城、胡寄塵、聞野鶴、周予同、徐蔚...,10
1929,1929.01.23,上海,劉海粟,上海,书信,文化出版,1月23日，為紀念神州國光社創建二十五週年，邀集海上文藝界、書畫界和新聞界名流百餘人，宴於大東飯店，推俞劍華致歡迎辭，劉海粟代表來賓致答辭，極一時之盛。...,10
1929,1929.02.26,上海,鄭午昌,上海,聘任,艺术教育,《上海美專國畫系分科消息》：“上海美術專門學校國畫系素稱發達，教授如鄭曼青、馬孟容、謝公展、許徵白、張大千、張紅薇、樓辛壺、鄭午昌、馬公禺、方介盦諸君，皆係海上藝術界泰斗，故去年學生人數激增，每級均有...,10
1929,1929.05.21,上海,張大千,上海,活动,艺术创作,報導：“蜀中張大千君擅鄭虔之三絶，修髯道貌，丘壑滿胸，而以畫最擅勝場。現定於今日（21日）起，將其最近作品一百餘點，假座寧波同鄉會四樓展覽三天，若花卉、鳥獸、山水、人物，均係張君近年游歷所得之寫實，筆...,10
1929,1929.05.24,上海,馬公愚,待考,书信,艺术创作,王沿萍《四會記趣》：“5月24日午後，予既參觀文藝專校之書畫展覽會，與青年會之衛生運動會於先，又加入啟新乒乓隊之比賽會暨草野社之歡宴會於後，盡吐六日之愁緒，爰將所遇趣事趣話，泚筆記之。△吾家滿藏古今畫...,10
1929,1929.06.12,廣州,王一亭,廣州,聘任,日常交流,《美展覽會大體辦法已定》：“大學院藝術教育委員會於本月3日上午九時，在國立音樂院開第四次常會，列席委員蔡元培、張繼、周峻、林風眠、蕭友梅、李金髮、李樹化、林文錚、唐家偉，由蔡元培主席開會如儀，並報告藝...,10
1929,1929.06.16,上海,陳柱,無錫,书信,文化出版,與陳柱書：“柱尊先生大鑒：疊奉賁書，聆悉壹是。……弟日内因偕友頂盤鄧秋枚君舊有之神州國光社招牌、版權，設書肆於棋盤街，正在籌備增新與補闕諸務，稍形忙碌，過承推，往桂之役，尚難成行，惟暨南可以濫竽，每星...,10
1929,1929.06.17,上海,張大千,上海,聘任,艺术教育,戴家祥《評美專師弟展覽會》：“吾國美術學校設備多見完善，國畫之科，吾人尤感慨繫之，惟上海美術專門學校，自前年改組後，聘馬孟容、鄭曼青二君，規劃國畫系，於是延攬久負盛名之國畫耆宿黄賓虹、商笙伯、樓辛壺、...,10
1929,1929.06.27,上海,張善孖,上海,聘任,艺术创作,邯客《志中國藝專畫展》：“惲格曰：尺幅寫千里之景，寸楮狀尋丈之勢。宗師造化，尚友古人，畫之為義，不亦大乎！年來學者求形似者，則精意刻劃，徒成畫匠；而一般不尚形似者，又任意塗抹，摒用筆用墨之法於不顧，僅...,10
1929,1929.07.27,上海,張大千,上海,活动,艺术创作,7月27日，張大千、俞劍華東渡游覽，以畫帶往，廣結墨緣，日本畫家田邊華得畫後，贈以自作山水。...,10
1929,1929.08.05,上海,葉恭綽,上海,雅集,个人生活,8月5日，於葉恭綽歡迎余紹宋之宴會上，與余氏訂交。...,10
1929,1929.09.03,上海,汪律本,待考,书信,艺术创作,按：齊盧之戰發生在9月3日，黄賓虹離滬應在8月份。在貴池期間，留連山光水色，與汪律本書畫遣懷。1929年2月1日《湖社月刊》第十五册刊有胡璧城《題菊友濱虹合作卷子》云：“一握京塵逢菊友，三年海市念濱虹...,6
1929,1929.12.06,上海,柳亞子,上海,书信,艺术创作,《何香凝女士發起書畫展覽會△今日開第一次籌備會議△售資悉充救濟工作費用》：“中央委員何香凝女士發起之書畫展覽會，現定今日（六日）下午三時在靜安寺路跑馬廳對面華安公司八樓舉行第一次籌備會議，參加者將有狄...,10
1929,1929.12.31,上海,柳亞子,上海,书信,艺术创作,《國難畫展連日盛况-滬名家即席揮毫》：“何香凝女士主辦救濟國難書畫展覽會昨天為開幕後第三日，參觀者比前更盛。何女士親自出席，與張紅薇、鄭曼青、馬公愚、錢瘦鐵、賀天健、熊松泉合作畫件，又戚飯牛、王禮錫、...,10
1930,1930,杭州,傅雷,上海,书信,艺术创作,筆者《顧飛訪談》：“顧飛先生：1930年初，我的二兄顧倫布自法國歸來（表弟傅雷就是由他帶去的），對我說：‘我國科學技術不如人，祇有藝術還拿得出來和人家一較高下，我看你還是好好學畫吧！’説到擇師一事，二...,10
1930,1930,上海,劉海粟,上海,聘任,艺术教育,2月，中國藝術專科學校停辦，劉海粟歸滬後對上海美術專科學校（1930年遵教育部令改名）重加整飭，添聘教授，復邀入任國畫理論教授。...,10
1930,1930,上海,宋若嬰,待考,书信,文化出版,宋若嬰《黄賓虹回憶錄》：“吳待秋先生在上海商務印書館擔任美術編輯，吳君辭職後，邀他（指黄賓虹）任職。這時候我們居住在一家紹興人家的樓上（閘北香興里），房間狹小，他手頭只有數十方銅印和十幾幅古畫。住家離...,10
1930,1930,上海,張善孖,上海,雅集,个人生活,秋，與張丹斧、嚴獨鶴等宴於張善孖寓。...,10
1930,1930,上海,汪寶瑜,待考,书信,个人生活,羅時鎔與汪寶瑜書：“大嫂如晤：弟於十一號抵揚，一切平善，請勿遠念。憶三號至朱家村，雇孫姓六艙船，包艙面卅元，酒資六元，托輪一切均由弟等六人攤派。弟同賓日住後艙，令侄媳帶小孫同黄樸存夫人住中艙，帶小孩之...,6
1930,1930,上海,王一亭,上海,书信,艺术创作,《俞劍華書畫特例》：“啟者：鄙人於寒假期內蒙王一亭、于右任、經子淵、蔡孑民、王曉籟、曾農髯、陳散原、黄賓虹、張善孖、陳剛叔諸先生代訂特例，分期贈畫，辱承各界不棄，紛紛索求，日不暇給，現期限已滿，仍未足...,10
1930,1930,上海,胡樸安,待考,书信,艺术创作,與胡樸安書：“樸安先生大鑒：日前奉訪，聞駕之武林，未值為念。蒙代介紹處，鄙意甚願寫拙作山水貽之。近思編一畫史派別源流彙集，以餉同嗜，甫事蒐輯，尚非倉猝可以竣工。茲檢近作詩畫奉教是幸。小庽今遷寶山路寶通...,6
1930,1930,上海,蔡守,上海,见面,个人生活,年初，談月色脫僧籍，歸於蔡守，索寫《舊時月色圖》。...,10
1930,1930,安徽/歙縣,許承堯,安徽/歙縣,见面,艺术创作,許承堯《題黄鳳六山人〈潭渡村圖〉，為賓虹作》：“吁嗟三百載，喬木寒荒廛。茲圖幸無恙，不隨陵谷遷。故物慶光復，勝獲珍珠船。賓虹今畫師，畫筆雄如椽。識字承白山，古籀畢宣。崇閎一家學，談笑踐祖筵。我來游海濱...,10
1930,1930,上海,鄧爾疋,上海,见面,日常交流,《桂遊日記》：“國曆七月四日啟程，由滬經香港，訪鄧爾疋君，同登最高峰望溟海，以詩紀之：...,6
1930,1930.05.30,上海,傅雷,上海,书信,日常交流,存考：馬古烈G.Margoulies爲巴黎大學文學博士，法國教育部派來中國考察中國高等教育專員，本年二十八歲，精通十一國語言，操一口流利的華語。來滬考察期間，按計劃先後在中國公學、復旦大學、滬江大學、...,10
1930,1930.07.03,上海,馬公愚,待考,书信,艺术教育,梅溪《記藝專同樂會》：“本月22日，法界祁齊路中國藝專學校舉行第一屆畢業典禮，余適假館該校總務主任鄭曼青君家，故得參與會，特志盛况如下：正午十二時，該校各生齊集禮堂，敦請蔡元培先生親授文憑，兼致訓詞。...,10
1930,1930.07.04,上海,鄧爾疋,上海,雅集,艺术创作,7月4日啟程赴廣西桂林講學，講師團一行過港，稍作逗留，《非非畫報》及香港報界同人設宴歡迎，並攝影，即席揮毫作紀念。旋訪鄧爾疋，登山望海，至七時下山，鄧爾雅宴於南園。...,6
1930,1930.07.27,上海,王一亭,上海,书信,鉴赏收藏,《書畫訊》：“藝乘書畫社宣稱：本社為全國金石書畫家所合組，初賃社址於勞合路，社員加入者甚形踴躍。因地方過小，不敷展布，去年年底曾經一度收束，從事改組。自山水專家李棲雲由粵返滬，乃以此事委託錢化佛君專責...,10
1930,1930.08.22,南京,王一亭,上海,书信,艺术创作,《藝乘會開幕盛况》：“南京路雲南路口藝乘書畫會成立以來，已有多日，其第一次展覽會已於昨日（二十日）開幕，計有曾農髯、黄賓虹、王一亭、錢化佛、楊度、劉海粟、張聿光、俞劍華等作品百餘點，各界前來參觀者，莫...,10
1930,1930.08.25,上海,劉海粟,南京,书信,鉴赏收藏,周元琪《藝乘佛話》：“秋暑困人，日惟北窗下卧，讀畫吟詩而已。比得錢化佛君柬，知君方主南京路雲南路口藝乘金石書畫會，乃冒暑訪老友於會中，談笑甚歡。會中四壁張畫殆遍，以曾農髯丈之寫米家山，渾而有骨。此老素...,10
1930,1930.10.21,上海,王一亭,上海,书信,艺术创作,《美專之募金委員會△發起古今名畫大展覽會》：“上海美術專門學校籌建校舍募金委員會，本年七月一日成立後，經董事長蔡孑民先生推請委員四十余人，皆南北名流，目下正在極力進行中。茲又有駐滬董事康南海、王一亭、...,10
1930,1930.11.07,南京,張善孖,蘇州,书信,艺术教育,《蒔菊會中之書畫》：“南京路前市政廳所舉行之蒔菊會，其中書畫由虞洽卿之女公子澹涵女士主任其事，輔助者則有黄賓虹、張善孖、錢雲鶴、汪聲遠、謝公展、鄭曼青、樓辛壺等諸名家，積極進行，佈置完善。古書畫一部由...,10
1931,1931,上海,余紹宋,上海,见面,日常交流,3月，介紹江振華拜訪余紹宋。...,6
1931,1931,上海,劉海粟,上海,雅集,艺术创作,金梅《傅雷傳》：“9月下旬，蔡元培先生在威海衛路中社設宴為劉海粟旅歐回國接風。傅雷應邀出席，作陪的還有陳獨秀、葉恭綽、許壽裳、楊杏佛、黄賓虹、張大千、朱屺瞻、王个簃等社會文化名流、著名畫家。”...,10
1931,1931,上海,張大千,蘇州,书信,艺术创作,田邊華書：“黄先生執事：大名耳熟，景仰多年，不圖頃日和田生携到先生手書，併惠貴畫山水四幀，寵遇之至，感佩殊深。曩由張大千君，得頒貴畫，今覆辱此嘉贈，狂喜狂喜。拜展之下，筆墨秀拔，淋漓興情，洵是士大夫之...,10
1931,1931.03.02,上海,王一亭,上海,书信,艺术创作,《曼福堂畫展會昨為第一日》：“曼福堂主人徵集之現代名人書畫展覽會，自昨日起假西藏路寧波同鄉會公開陳列，前往參觀者，頗具擁擠。畫件中若王一亭之人物山水，熊松泉之《達摩》《墨龍》，張善孖之《宜爾吉羊》，馬...,10
1931,1931.03.04,上海,江仁傅,待考,书信,日常交流,《余紹宋日記》3月4日條：“黄賓谼介汪（江）松如（名振華，原名友柏，云與江仁傅爲同祖兄弟）來見，知賓虹已由蜀歸，並告余在蜀時曾晤蒲伯英，於余極致殷勤云，故人千里，正不知何時得相見也。”...,6
1931,1931.04.07,上海,王一亭,上海,书信,鉴赏收藏,“閻甘園定期舉行個人畫展”報導：“閻甘園氏，別署晚照樓主，為關中金石書畫名家，年近七十，精神如少壯，致力硯田，晨夕不輟，自來海上，甚得書畫界之推許。聞氏已定於本月十、十一、十二三日假座寧波同鄉會舉行個...,10
1931,1931.04.11,上海,王一亭,上海,书信,艺术创作,“閻甘園個展第一日”報導：“晚照樓主閻甘園先生以其近作書畫二百餘件，假座寧波同鄉會公開展覽（昨為第一日），雖天雨泥濘，然到會參觀者仍非常踴躍，由朝至暮，共計約五百餘人，對於先生之藝術均有良好批評，而所...,10
1931,1931.06.09,上海,王一亭,上海,书信,艺术创作,《藝乘書畫會連日之盛况》：“三馬路雲南路口藝乘書畫會於前日起，由名書畫家王一亭、黄賓虹、駱亮公、錢化佛、程（馬）萬里、張聿光、賀天健、李芳園等舉行扇面合作（展）以來，每日前往參觀者，戶限為穿，所有扇面...,10
1931,1931.07.07,上海,閻甘園,待考,书信,艺术教育,7月7日至13日，徽寧學校校長江振華在校舉辦古今書畫展覽會，7日中午江氏宴請書畫家，與閻甘園、許士騏伉儷等在座。...,6
1931,1931.07.12,上海,張善孖,上海,雅集,艺术创作,《藝苑新聲△張善孖華誕宴客》：“蜀中名士張善孖以畫虎名于時，所作山水人物，亦久為藝苑所稱讚。今夏遊日歸來後，聲譽益隆。今日為張君五十誕辰，文藝界同人多往祝賀，張君亦於今午假三馬路陶樂春宴客。”（7月1...,10
1931,1931.08.30,上海,王一亭,上海,书信,艺术创作,《吳雅之先生書畫增潤》：“雅之先生，去秋增潤，曾在各報披露，嗣因要事離申，致將各來件紛紛璧還。現又事竣回滬，欲與各界重結墨緣，自八月十日起至九月十日止，仍視舊例收潤，照現例六折。（潤例略）介紹人：程潛...,10
1931,1931.09.12,上海,賀天健,待考,书信,艺术创作,《鄂賑書畫籌賑會議記》：“湖北水災急賑會駐滬籌賑辦事處書畫籌賑股於前日下午三時假座四馬路麥家圈（今山東南路）惠忠旅館大廳，開徵求書畫籌賑大會，計到張善孖、謝公展、趙半跛、魏弱叟、蒙壽芝、姚墨邨、張聿光...,10
1931,1931.09.18,上海,劉海粟,上海,雅集,个人生活,9月18日劉海粟偕傅雷乘法郵輪沙拿遜號自歐歸國抵滬，下澣蔡元培設宴於威海衛路爲其洗塵，與葉恭綽、陳獨秀、許壽裳、張大千、朱屺瞻、王个簃等應邀列席。...,10
1931,1931.10.05,上海,賀天健,待考,书信,艺术创作,“皖振會昨（前晚）宴書畫名家”報導：“旅滬安徽水災振濟會於前晚七時假座三馬路陶樂春公宴海上書畫名流，對該省水災事宜，要求捐助。由黄賓虹、洪鹽（麗）生、汪英賓等主席，到書畫名家數十人，即席樂捐書畫，計張...,10
1931,1931.12.16,上海,張善孖,蘇州,书信,艺术创作,《張善孖、大千啟事》：“本月13日即農曆十月念四，家慈七十壽辰，辱承前輩故交、親族至好，或寵錫文聯，或惠贈佳畫，或遺拱璧，或異奇珍，甚至不辭遠道，言笑初筵，藉東壁之圖書，增北堂之福壽，謹此鳴謝，毋任鏤...,10
1931,1931.12.25,上海,張善孖,上海,见面,个人生活,玉岑《魏塘賓筵小記》：“張善孖、大千兄弟之太夫人七十壽，在魏塘大千寓廬稱觴，海上同人往祝者甚多。太夫人工畫信教，不事鳩杖，腰脚康健，而膝有五男十七孫，泰半精通文藝，有聲於時。曾孫肇基，墮地方七十日，黄...,10
1932,1932,四川/动态,劉海粟,上海,书信,文化出版,按：《畫學月刊》主幹者為謝夢鯉，主編者尚有劉海粟、張孟嘉、賀天健、俞寄凡。...,10
1932,1932,四川/动态,吳一峰,四川/动态,见面,艺术创作,4月，《美展國畫談》刊於《藝觀》第三期。...,10
1932,1932,上海,張善孖,上海,活动,艺术创作,3月，與張善孖、張大千、謝玉岑、顧飛等游浦東周浦顧氏桃園，作畫賦詩，越日而歸。...,10
1932,1932,四川/动态,張大千,四川/动态,活动,鉴赏收藏,4月，在大風堂爲張大千題所購獲《王石谷畫〈南巡圖〉粉本》題跋，詩中對國勢頽靡、外患日亟的時局深表憂憤。...,10
1932,1932,四川/动态,王一亭,四川/动态,雅集,日常交流,按：此次雅集到者計有：黄賓虹、楊清磬、吳湖帆、張大千、葉恭綽、孟壽椿、關伯珩、張善孖、王濟遠、榮渭陽、陳樹人、江小鶼、陳淮生、王一亭、李祖韓、狄楚青、姚虞琴、李毅士、楊杏佛、白山夫、徐志摩、李祖夔、褚...,10
1932,1932,上海,許承堯,歙縣,书信,日常交流,旋錄出詩作近二十紙，包括《周浦紀游》《池陽雜詠》《粤西紀游》《雁蕩雜詠》《新安江紀游》等百餘首寄許承堯，許一一為之細按，加以眉批，極多讚語。...,10
1932,1932,四川/动态,陳柱,無錫,书信,鉴赏收藏,與陳柱書：“柱尊先生大鑒：《畫學月刊》第一期今甫出版，所談附刊金石詩文雜著，已與友商妥，前途尚求尊處諸同人代廣推銷，惟每期訂之數萬字，俾有預算尤合。月刊可飭來敝寓取去，因郵或沮也。專候撰綏。黄賓虹謹上...,10
1932,1932.01.13,上海,吳一峰,待考,书信,艺术创作,韋齋《中國藝術專科展覽記》：“中國藝專之國畫作風，於海上最爲清純自然，途徑獨正，大致山水由文、唐上窺元諸家，花卉則守南北宋鈎勒、没骨之法，而薰染以白陽、新羅之氣韻，此蓋有辛壺、師子、公展、紅薇、孟容、...,10
1932,1932.04.20,上海,張善孖,上海,活动,鉴赏收藏,日下午六時止。會場：上海國貨路新普育堂東三樓本會參考品部。出品：宋元明清紈摺扇面、竹木刻骨數百餘件。收藏者：葉遐庵、狄楚青、吳湖帆、陳小蝶、李祖韓、金潛庵、張善孖、鄧秋枚、黄賓虹、閻甘園、哈少甫等二十...,10
1932,1932.04.29,四川/动态,吳一峰,待考,书信,艺术创作,4月29日陳澤霈在利利公司舉辦個人書畫展。...,10
1932,1932.08.04,四川/动态,吳一峰,待考,书信,艺术创作,8月4日，參加徽寧學校舉辦古今書畫展覽會，姪女黄映芬與門生顧飛、朱硯英聯合組織女子書畫社亦有作品參與陳列。...,10
1932,1932.08.08,四川/动态,吳一峰,待考,书信,艺术创作,《女子書畫社作品展覽》：“書畫名家黄賓虹胞侄女黄映芬女士，近在格洛克路徽寧學校組織一女子書畫社，慕名加入者頗不乏人，若桐城張玉華女士、宣城王鈞薌女士，均負一時盛名。所有該社最近作品，均陳列於該校古今書...,10
1932,1932.08.09,四川/动态,吳一峰,四川/动态,活动,艺术创作,文藝界消息：“國畫家黄賓虹於本月十日（即本星期三）在新華藝專，用幻燈放射演講，講題《東方繪畫》。黄氏以多年鑒賞與實技之經驗，發揮所長，定有一番盛況。聞該校公開演講，歡迎來賓。”（1932年8月9日民報...,10
1932,1932.08.10,四川/动态,吳一峰,四川/动态,活动,艺术创作,8月10日，在新華藝專配以幻燈演講《東方繪畫》。...,10
1932,1932.09.01,四川/动态,吳一峰,四川/动态,活动,文化出版,9月1日，《畫學月刊》創刊，任主編，撰《弁言》、《畫學常識》刊其上。...,10
1932,1932.09.06,上海,劉海粟,上海,聘任,艺术教育,《上海美展之新氣象》：“上海美術專科學校自去秋劉海粟校長由歐洲歸國後，力事改革，雖於‘一·二八’事變中，亦努力推進，成績斐然。最近為擴展校務、增進新校舍起見，敦請名畫家王濟遠擔任副校長，同時開辦繪畫研...,10
1932,1932.09.06,上海,吳一峰,上海,活动,艺术创作,文藝界消息：“畫家經子淵已由白馬湖來滬。上星期滬上文藝家為黄賓虹餞行，黄氏定本月中旬赴四川講學。”（1932年9月6日民報）...,10
1932,1932.09.11,上海,王一亭,上海,书信,鉴赏收藏,報導：“浙東樓辛壺居士，善詩文，工書畫，兼擅金石篆刻之學，向與缶翁結印社於西泠，甚稱相得，缶翁嘗稱其藝術必傳，社會自有定評，毋待贅述。居士息足滬濱，不慕榮利，杜門以書畫自娛，其藝日益精，賞鑒家求之日多...,10
1932,1932.09.13,上海,吳一峰,上海,雅集,个人生活,文藝界消息：“國畫家黄賓虹前晚宴請上海諸知友，聞黄氏定本星期五起程赴四川講學，順道遊覽峨眉山。”（9月13日民報）...,10
1932,1932.09.15,上海,吳一峰,待考,书信,日常交流,吳嘉陵《大走客吳一峰·追隨賓老溯江入蜀》：“1932年9月15日，正是中秋佳節，吳一峰與家人不辭而别，陪同黄賓虹揹行李、拿着面具，來到黄浦12號碼頭，登上民生公司的永豐輪。兩人進了船艙找到鋪位住下後，...,10
1932,1932.09.27,重慶,吳一峰,待考,书信,艺术创作,9月27日，抵重慶，中央銀行經理周誼輔、襄理張禹九等在碼頭迎候，下榻金山飯店。受陳澤霈拜託的四川鹽運使、川軍師長王纘緒向重慶書畫界作了介紹，一時以書畫請求鑒定者紛至沓來，門限爲穿。...,10
1932,1932.10.12,上海,吳一峰,待考,书信,艺术创作,此際，上海謝夢鯉主辦之現代名家書畫扶輪展覽會第十次特約現代名家小品書畫展覽會10月12日至18日在利利公司文藝部展出，有作品陳列。...,10
1932,1932.11.06,成都,周稷,成都,聘任,艺术教育,11月6日，抵成都，先至中國銀行，旋下榻陳澤霈成都别墅“一廬”，翌日，四川藝術專科學校校長周稷和校務主任劉既明來謁，聘爲該校校董兼中國畫系主任。...,10
1932,1932.11.08,樂山,吳一峰,待考,书信,社会革命,《名畫家來省 黄賓虹想慕峨嵋月 東方美專設宴洗塵》：“名畫家黄賓虹氏爲南社、寒之友先輩，社友如王一亭、陳樹人諸名流，均係當代書畫宗師。更曾於遜清時，與章太炎氏（按：應爲李瑞清）創辦留美學校，前任神州國...,10
1932,1932.11.08,四川/动态,方旭,四川/动态,雅集,艺术教育,11月8日，東方美術專科學校校長段虚谷、副校長馮建吳在晉寧酒樓設宴洗塵，與方旭、龔熙台等名流訂交。...,10
1932,1932.11.09,成都,方旭,待考,书信,艺术教育,按：11月9日《新新新聞》亦有同類報導，詳下文蔡守致黄賓虹信。方旭（1852—1940），字鶴齋，安徽桐城人，桐城派文學家。清季拔貢，署華陽令、夔州知府，官留日學生監督、四川提學使、川東道台。爲官清正...,10
1932,1932.11.11,成都,吳一峰,成都,聘任,鉴赏收藏,報導：“又訊：該校（藝專）既聘中國文藝泰斗黄賓虹爲校董兼中國畫系主任，復聘隨同黄氏而來之吳一峰擔任教授。吳氏善山水，工篆刻，爲上海美專高才，在京中頗享盛名，現與黄氏同寓本城三道街陳一禪公館中云。”（1...,10
1933,1933,四川/动态,吳一峰,四川/动态,活动,鉴赏收藏,自題：“聞說君探驪頷珠，腥風吹浪雨如絲。夜深恐起蛟龍攫，晉碣周金共護持。樸安、屯艮、吹萬諸同社游京口歸，得詩甚夥，並携鶴銘、許惠鼎拓本，時適久雨，圖以志之。己未夏日。賓虹。”...,10
1933,1933,四川/动态,吳開先,四川/动态,活动,艺术创作,盛夏，與吳開先伉儷、黄冰清等十餘人游青浦，於圓津禪院觀畫。...,6
1933,1933,成都,周稷,成都,聘任,艺术教育,夏，成都四川藝術專科學校校長周稷、教務長劉既明來聘入川任教，將入川。時段虚谷、馮建吳、孫吉盦、胡鎮南、劉楚秋等一批有志振興中國藝術的青年藝術家在四川成都籌建四川美術專科學校（旋遵部令改名東方美術專科學...,10
1933,1933,四川/动态,宋若嬰,四川/动态,见面,艺术创作,《乙亥盛夏觀畫圓津禪院，月夜放舟青浦，擬入城訪俞君慧殊不果，同游者吳開先伉儷、黄冰清、宋若嬰女士共十餘人》：“珠里清游溽暑蒸，天飛金鏡火雲層。林容路曲通津暗，夜色江流帶郭澂。三徑客來還響屧，一街人定漸...,10
1933,1933,四川/动态,張大千,四川/动态,活动,艺术创作,按：此圖為張大千早期精心之作，畫無年款，當為締結爛漫社時之作。...,10
1933,1933,廣州,張谷雛,待考,书信,艺术创作,與張谷雛書：“谷雛先生有道：頃誦手書，並惠大作法繪，佩甚佩甚。承示論董、巨、大癡有法而超乎法，所見極確。鄙見以爲畫法在用筆、用墨為要，章法、位置、源流、派別，各分面目，其精神非筆墨無由傳也。明乎筆法，...,6
1933,1933,四川/动态,朱硯因,待考,书信,艺术创作,與朱硯因書：“日前疊荷手書，均收悉。近來因踵門索畫與問業弟子漸多，新增佛畫研究、國學書院、畫學研究各班生，皆以鄙人為老馬識途，殊有應接不暇之意。中國藝術以畫為最要。書畫可展覽與士衆觀瞻，文字未有展覽者...,6
1933,1933,成都,林思進,成都,活动,艺术创作,林思進《清寂堂日記》：“十八日，己卯。晨起雪深尺許，窗牖洞然閉。楊僕雲街雪亦鋪滿，無行人矣。開門往看，則仿佛北京之雪矣。飯後雪勢不已，往年之雪不過午而消為簷溜，今歲則仍堆積如畫也。因念黄賓虹遠客成都，...,10
1933,1933,四川/动态,汪聰,待考,书信,艺术教育,蘇乾英與汪聰書：“1933年秋，國立暨南大學國畫研究會會長劉作籌、文學院助教蘇乾英，因文學院長陳中凡之介，至薩坡賽路黄先生寓所邀請先生任該校國畫研究會山水畫導師，先生欣然應允。”...,6
1933,1933,四川/动态,王一亭,四川/动态,聘任,鉴赏收藏,按：“挹珊先生”，田姓。《機絲夜月圖題詠集》之緣起見於田福祺識，錄於下：福祺垂垂老矣。憶少時隨侍先君子賓游皖幕，先君子於案牘餘暇，耽志詞章，規撫六朝，含咀唐宋，往往抽繹詩心見諸繪事，論者堪與改、費抗手...,10
1933,1933,四川/动态,王震,四川/动态,雅集,个人生活,《柏林中國美展會宴劉海粟》：“柏林中國美術展覽會籌備委員會，以代表劉海粟此次赴歐播揚藝術，極爲全國朝野所敬崇，對於歐洲學術界影響之大、震撼之深，前所未有，賢勞卓著，載譽東歸，業已二旬，歸後所有出品撿交...,10
1933,1933,四川/动态,經亨頤,四川/动态,活动,艺术创作,經亨頤題：“珊珊（姍姍）何故其遲來，白馬湖濱迨有梅。此是髯公作化相，老妻無用費疑猜。二十一年六月寒之友同人來白馬湖啖楊梅，老妻索大千畫仕女而誤識餘款滋不樂，戲題歸之。长松主人頤淵並識。”（嘉德四季第1...,10
1933,1933,上海,胡韞玉,上海,活动,艺术创作,61、 同上，“這個顯著變化被稱作‘國畫復活的運動’。這個概念最初由胡懷琛（1886-1938）在1933年《上海學藝概要》（上海市通志館期刊第1卷第4 期）裏提出來的。西洋畫壇的變化和國畫的復活，無...,10
1933,1933,上海,許承堯,上海,活动,日常交流,按：許家栻（1892—1954），字伯龍，安徽歙縣人，許承堯長子，律師。時任旅滬歙縣同鄉會幹事。傅申在Huang Binhong's Shanghai Period Landscape Paintin...,10
1933,1933,上海,高吹萬,待考,书信,鉴赏收藏,謝玉岑致高燮書：“吹萬吾師禮鑒：半載不通音問，懷仰之忱，與時俱積。月初薄游太湖，邂逅賓虹先生，即聞丈有斬衰之喪，以遠未得赴，未敢倉促奉唁。半月中有金陵、維揚之行，返申始悉太君仙逝，前訊非虛。伏誦懿行，...,6
1933,1933.01.15,上海,林思進,上海,雅集,艺术创作,1月15日壬申十二月二十日，雪漸融，遣人送《霜柑閣歲寒雅集圖》與林思進，林以為此畫“用意為之”，不及途中“草草”所寫。...,10
1933,1933.01.21,上海,林思進,上海,见面,日常交流,1月21日壬申十二月二十六日，訪林思進。...,10
1933,1933.01.25,上海,林思進,成都,书信,艺术创作,1933年1月25日壬申除夕，林思進作箋以蒸麂、凍鯗來贈，並屬書畫扇面。...,10
1933,1933.01.30,四川/动态,林思進,四川/动态,见面,日常交流,1月30日癸酉正月初五日，東城訪友未值，逕赴林思進午集，同座皆林氏摯友。席間林思進賦詩以贈。...,10
1933,1933.02.12,四川/动态,林思進,四川/动态,活动,艺术创作,2月12日癸酉正月十八日，約林思進後日看其藏畫。...,10
1933,1933.02.15,四川/动态,林思進,四川/动态,活动,艺术创作,2月15日癸酉正月二十一日，與林思進赴辜宜之約飲，請觀其祖庭若翁遺畫，席罷同至林寓看其藏畫。...,10
1933,1933.03.04,四川/动态,林思進,四川/动态,见面,艺术创作,3月4日癸酉二月初九日，張幼荃、胡悟菴來談，林思進亦來訪。張幼荃談及蓬溪有吳道子壁畫，心極嚮往之。...,10
1933,1933.03.07,成都,吳一峰,待考,书信,艺术教育,3月7日癸酉二月十二日花朝日，成都書畫社團蓉社假少城公園通俗教育館召開成立大會，被選爲出版部主任。...,10
1933,1933.03.09,四川/动态,林思進,四川/动态,活动,艺术创作,3月9日癸酉二月十四日，冒雨赴林思進約，觀賞其藏畫。在座尚有方叔軒。...,10
1933,1933.03.19,四川/动态,吳一峰,待考,书信,鉴赏收藏,3月19日，吳一峰舉辦個人金石書畫展覽。...,10
1933,1933.03.20,成都,吳一峰,成都,聘任,艺术教育,《大江社專訪》：“東方美術專科學校，自去歲創辦以來，頗得各界稱許，今歲更大加整頓，添聘名畫家黄賓虹、吳一峰爲教授。”（1933年3月20日成都快報）...,10
1933,1933.03.23,成都,吳一峰,待考,书信,鉴赏收藏,“吳一峰展覽金石書畫”報導：“此間東方美術專科教授吳一峰教授所舉辦個人金石書畫展覽會，自19日開幕後，琳琅滿目，計有百餘件之多，參觀者頗衆，數日來，不下數千人，而省中名流張繼雲、唐少坡、林菊舟、吕布台...,10
1933,1933.03.23,四川/动态,林思進,四川/动态,见面,日常交流,3月23日癸酉二月二十八日，訪林思進，恰李亞衡在座。林思進以所點定詩稿還來，並贈以為作詩序。...,10
1933,1933.03.24,四川/动态,蔡守,廣州,书信,个人生活,3月24日，書蜀游小詩十三章郵寄蔡守、談月色伉儷。...,10
1933,1933.04.17,四川/动态,吳一峰,四川/动态,活动,艺术创作,報導：“華北居士林近為宣揚佛教美術起見，特設立佛法（畫）研究班，現已開始報名，21日截止，二十四日開課。”（4月17日《新北京報》）...,10
1933,1933.04.18,成都,吳一峰,待考,书信,鉴赏收藏,《方鶴齋等發起金石書畫展覽會假少城通俗教育館舉行》：“［大江社］此間方鶴齋、向仙喬、公孫長子、梁叔子、林君默、郭夢芝等於去年約集省垣研究書畫同志及收藏家共四十餘人，組織蓉社，以增進文化、保存國粹爲宗旨...,10
1933,1933.05.01,四川/动态,狄平子,待考,书信,艺术创作,1933年5月1日《金钢钻报》刊陆丹林一则《顶湖感旧琐录》，再黄宾虹题画师二首，其中后者题《吊梦图》似少人提及，全文附录如下，以供参考。 顶湖感旧琐录（陆丹林）   歙县黄宾虹，六法八法，久已驰名艺坛...,10
1933,1933.05.05,上海,吳一峰,待考,书信,艺术创作,因皖西受災，年前因“一·二八”日軍侵華而擱置之書畫振災之作品，在5月5日起在上海山東會館舉行展覽抽籤，以所得款振災。...,10
1933,1933.05.07,四川/动态,張善孖,蘇州,书信,艺术创作,《皖振災畫展今開籤》：“安徽同鄉會所主辦之振災書畫展覽會已於本月五日在呂班路山東會館內開幕，陳列當代名家如黄賓虹、張大千、張善孖等數十人之作品，計有千餘件。該項書畫券訂為每張價目五元，憑券抽籤，以所得...,10
1933,1933.05.10,四川/动态,吳一峰,待考,书信,艺术创作,5月10日，為群治大學籌建新校舍募集資金，赴曾熙、符鐵年召集的書畫家雅集。...,10
1933,1933.05.12,四川/动态,吳一峰,待考,书信,鉴赏收藏,5月12日，金石書畫展覽會閉幕後，審選各陳列品準備出版事宜，任作品審查員。...,10
1933,1933.05.12,上海,馬公愚,待考,书信,艺术创作,松厂《雅讌》：“前夕曾農髯、符鐵年與羅傑大讌海上書畫家於一品香菜社，蓋為群治大學建築新校舍，擬募集各名家書畫，售充經費也。到者有商笙伯、黄賓虹、許徵白、馬孟容、馬公愚、謝公展、謝介子、鄭曼青、蕭厔泉、...,10
1933,1933.06.01,四川/动态,吳一峰,四川/动态,活动,艺术创作,6月1日雪廬畫社在稷園舉辦時賢扇展，出品陳列。...,10
1933,1933.06.01,上海,林思進,上海,活动,日常交流,6月1日癸酉五月初九日午，將歸滬，方叔軒餞行，作陪者林思進、重民、希虞、李培甫、士珍。...,10
1933,1933.06.05,四川/动态,胡韞玉,四川/动态,见面,艺术创作,6月5日，胡韞玉偕女湋平造訪，觀藏畫並請益。...,10
1933,1933.06.08,四川/动态,吳一峰,四川/动态,聘任,艺术教育,《輔大美術科》報導：“今日爲輔仁大學返校節，該校美術科之學年成績展覽會定今明兩日舉行。此次師生佳作極多。該校美術專修科主任溥雪齋氏决自今秋始，將該科正式改為美術系，分爲國畫、西畫兩組，分班上課。除已聘...,10
1933,1933.06.10,四川/动态,吳一峰,四川/动态,活动,艺术创作,6月10日，出品參加雪廬畫社在中山公園舉辦之時賢扇展。...,10
1933,1933.06.20,四川/动态,經亨頤,待考,书信,艺术创作,《夏至賞寒花》：“中委經亨頤近與海上畫友假法租界康悌路光裕坊八號重組寒之友社，以書畫自娛。明日為舊曆夏至節，聞已托社友黄賓虹氏徵集古畫寒花精品三十餘件，在該社公開展覽，藉古畫之節賞，有炎涼之深意，亦可...,10
1933,1933.06.22,四川/动态,吳一峰,四川/动态,活动,艺术创作,6月22日，中國畫學研究會在中山公園董事會舉行第十八屆成績展，出品參展。...,10
1933,1933.06.23,四川/动态,張大千,蘇州,书信,艺术创作,《中國畫學會展覽盛况》：“中國畫學研究會第十八屆成績展覽會，昨日在中央公園董事會開幕。該會本屆展品共達八百件。因當代名家什九皆為該會會員，故展品中幾包羅全部名家作品，規模之宏大，展品之精妙，一時無兩。...,10
1933,1933.07.10,安徽/歙縣,吳一峰,待考,书信,艺术创作,《一士漫筆·藝術的消夏》：“溽暑中多謀消夏之法，文人以所能而致力於繪事，亦消夏一道，所謂心静自然凉耳。近聞有畫社曰消夏，社中同人為黄賓虹、羅復堪、夏劍丞、瞿兌之、黄公渚、陳封可、陶百溟、陶心如、孫海波...,10
1933,1933.07.20,四川/动态,吳一峰,四川/动态,活动,艺术创作,報導：“京市名流畫家，近組銷夏畫社，精研古畫法，頃集各名家作品多件，定廿日起在北海鏡清齋展覽一旬，昨已由發起之友好向各方發出邀柬，詞藻艷麗典雅可頌。原文如下：‘敬啟者：盍簪相從，正北窗安枕之候，解衣有...,10
1933,1933.07.20,四川/动态,夏劍丞,四川/动态,活动,艺术创作,7月20日，與夏劍丞、羅復堪、黄公渚、瞿兌之等組織消夏畫會，展出於北海鏡清齋与静心齋。...,6
1933,1933.07.21,安徽/歙縣,吳一峰,待考,书信,艺术创作,半解《談文人畫與消夏畫社》：“畫與詩皆士人陶寫性情之事，故凡可入詩者，皆可入畫。畫一而已，本無定法，宋人之畫，工整繁縟，青綠鈎勒，世稱院畫派，此非力工純熟者不易辦也。若夫文人之隨意點染，以氣韻爲主，以...,10
1933,1933.08.16,四川/动态,吳一峰,四川/动态,聘任,鉴赏收藏,8月16日，《時報》新設副刊《美術週刊》，聘為主編，撰《畫徵錄商兌》、《藝林摭談》、《篆刻麈談》等文數百篇，並改寫陳樹人譯述《新畫法》前半畫理部分為《新畫訓》，均刊於週報。...,10
1933,1933.08.24,四川/动态,吳一峰,四川/动态,活动,艺术创作,8月24日，郭味蕖在中山公園舉辦個人畫展，爲其畫題識。...,10
1933,1933.09.04,四川/动态,吳一峰,待考,书信,艺术创作,9月4日，百川書畫會召開第二次會員大會，議定十月初旬舉行第一屆書畫展覽會。...,10
1933,1933.09.16,上海,柳亞子,上海,书信,艺术创作,《百川書畫會定期舉行書畫展》：“百川書畫會日前召開二次會員大會，由王濟遠主席，鄢克昌紀錄。議决案如下：一、每次研究會時，請會內外學者章太炎、夏敬觀、蕭厔泉、任堇叔、陳散原、黄賓虹、沈信卿、柳亞子諸先生...,10
1933,1933.09.20,四川/动态,吳一峰,待考,书信,艺术创作,9月20日，百川書畫會舉行研究會，並舉行聚餐會，擬定展覽會出品細則。...,10
1933,1933.10.01,上海,林思進,上海,见面,日常交流,10月1日，得知四川林思進自蜀避兵來滬，以告陸丹林，陸即往訪。...,10
1933,1933.10.02,四川/动态,林思進,成都,书信,艺术创作,10月2日，李亞衡父子先至，林思進隨其子季豐暨長孫來訪，出書畫相與賞鑒，旋約往就近之法國公園遊，剛出雨忽至，乃別。...,10
1933,1933.10.04,上海,吳一峰,待考,书信,日常交流,陸爾强《上海藝術協會展覽先聲》：“協展與院展（按：指大學院全國美術展覽）大戰後的歐洲各國民衆生活，思想漸由不寧的狀態下，趨於安静的真實的途徑。因爲急於要謀一個心靈可寄託能安思的所在，於是政府當道亦能瞭...,10
1933,1933.10.06,上海,張大千,蘇州,书信,日常交流,《上海藝術協會第一屆展覽會之第一日》：“上海藝術協會第一屆展覽，已於昨日上午九時開幕，茲將全日情形，彙志如下：△參觀之踴躍上午九時未開幕前，在門外守候者甚衆，觀衆遂絡繹不絶，文藝界名人如邵洵美、傅彦長...,10
1933,1933.10.10,上海,方旭,上海,活动,艺术创作,方旭自題畫：“賓公法家指教，鶴叟方旭。”（10月10日申報）...,10
1933,1933.10.17,上海,吳一峰,上海,活动,艺术创作,李穠自題畫：“癸酉季春，賓虹法家指教。七十五叟李穠。”（10月17日申報）...,10
1933,1933.10.18,上海,吳一峰,上海,活动,艺术创作,李智自題畫：“癸酉花朝，畫似賓虹老法家先生匡謬，後學少農李智。”（10月18日申報）...,10
1933,1933.10.19,上海,吳一峰,上海,活动,艺术创作,李璚自題畫：“癸酉首夏，寫似賓虹先生大人指正。立羣。”（10月19日申報）...,10
1933,1933.10.26,四川/动态,周肇祥,四川/动态,雅集,艺术教育,10月26日戊寅九月四日，廉泉（南湖）之遺孀吳芝瑛和日人橋川夫人設午宴招待來華之東京美專校長正木直彦，與周肇祥、瞿宣穎等與會。...,6
1933,1933.10.30,四川/动态,吳一峰,待考,书信,艺术创作,10月30日，出品豫園書畫善會書畫陳列會。...,10
1933,1933.10.31,上海,吳一峰,上海,活动,日常交流,《黄賓虹演講〈中國美術之商略〉》：“儉德儲蓄會為提倡學術起見，組織學術演講社，每星期三晚敦請國内學術界巨子演講一次，自舉行以來，迄今已二十九次，每次聽講者均異常踴躍。所講範圍，多屬文學、哲學、政治、經...,10
1933,1933.11.08,南京,吳一峰,待考,书信,艺术创作,11月8日蒔菊會在南京路前市政廳開幕，虞澹涵擔任書畫部主事，有作品陳列其中。...,10
1933,1933.11.09,上海,王一亭,上海,书信,日常交流,俞劍華《重光餞土屋》：“土屋計左右氏任上海三井銀行總理有年，對於中日美術多所盡力，現已升任東京總行，不日榮歸，故中日人士連日祖餞者甚多。5日晚間，係上海日本總領事重光葵氏設筵於西摩路十五號私邸。日人方...,10
1933,1933.11.10,上海,陶冷月,待考,书信,艺术创作,俞劍華《秋英先參記》：“邇來海上書畫展覽會如雨後春筍，使觀者大有應接不暇之勢。秋英會第一次展覽會又於二十六日（陰曆）開幕矣。鄙人忝列會員，特於二十日過午，假助理陳列之名，特先睹爲快，琳琅滿目，美不勝收...,10
1933,1933.11.11,上海,王一亭,上海,书信,艺术创作,《中德美展作品昨今在滬公開展△十四日由劉海粟押運赴德△將續在國內徵集二批作品》：“申時社本埠訊：中德美術展覽會，已徵得之各畫家作品五百餘件，昨今二日假福開森路世界社公開展覽，定十四日由劉海粟攜帶出國，...,10
1933,1933.11.12,上海,劉海粟,上海,雅集,个人生活,11月12日，蔡元培及上海美專同人設宴歡送赴歐舉辦中德美展之劉海粟。...,10
1933,1933.11.12,上海,吳一峰,待考,书信,艺术创作,“秋英會展覽書畫延長兩天”報導：“該會前昨（10、11日）兩日，各家在會對客揮毫，逸興遄飛，臨時出品，當場被識者鑒定，立題上款，定去不少。晚間在會聚餐，共有五十餘人。”（11月12日申報）...,10
1933,1933.11.13,上海,劉海粟,上海,书信,艺术教育,《中德美展首批徵品劉海粟今日携往柏林》：“我國新興藝術領袖劉海粟，除致力於創作外，復專事藝術事業之建設，思想所及，藝運大振。一九三一年在德國佛朗克府講學，並舉行個人作品展覽會，極受德國學術界之推崇。復...,10
1933,1933.11.13,上海,張大千,蘇州,书信,艺术创作,民生《餐英盛會記》：“昨日（12日）為秋英會第一次書畫金石展覽會之第四日，預約定是日下午六時全體同人聚餐，並於餐前合作書畫，到者壽芝、春澍、公展、逸民、冷月、惜庵、六陽、介堪、孟容、聲遠、一亭、澹涵、...,10
1933,1933.11.15,四川/动态,王濟遠,待考,书信,艺术创作,11月15日，與王濟遠、鄢克昌、吳夢非、劉抗、王遠勃、梁書、張弦、陳人浩、莫運選、諸聞韻發起組織百川書畫會。初集於王濟遠畫室“黄山水南雙塘畫房”，通過簡約十條，定每隔一週集會研究一次。...,6
1933,1933.11.16,上海,吳一峰,待考,书信,文化出版,滄波《秋英會讀畫記》：“秋英會第一次展覽會，值此海宇奠平，訓政伊始，投袂而起，遠近矚目。大會宣言，所以揭櫫園門者，將曰闡揚固有之藝術，以焜燿國光，而不知吾人於人慾横流之時，得一引導和平，陶養性情，可以...,10
1933,1933.11.20,上海,潘子敬,待考,书信,艺术创作,鄭逸梅《豫園觀畫記》：“豫園曲橋之畔，有書畫善會焉。主其事者，為楊東山先生，以風雅之道，為施濟之舉，法至善也。先生謝世，白龍山人繼主之不替。自登高節（按：陰曆九月九日）起，舉行書畫會旬日。一昨偕荆人游...,10
1933,1933.11.25,上海,吳一峰,上海,活动,艺术创作,《巴黎中國畫展經過》：“中華民國十五年（1926）冬，徐悲鴻君携其作品一部，道過里昂，中法大學同人請其公開展覽，未允，僅陳列一室中，任人觀覽，甚得中外人士之贊賞。十九年（1930）年夏，謝壽康君使比，...,10
1933,1933.11.27,上海,王一亭,上海,书信,艺术创作,《鶴山女子馮文鳳鬻書》廣告：“馮文鳳女士工書善畫，年十四五即以書名播華南，曩年粤港間美術慈善等會輒請女士即席揮毫，定件畢集，所售楹帖有加價至五百元一聯者。曾以作品應徵海内外美術展覽，得獎章贈狀三十餘座...,10
1933,1933.12.01,上海,張大千,上海,活动,艺术创作,張大千題畫：“賓虹社長博教，大千張蝯寫。”（1933年12月1日申報）...,10
1933,1933.12.13,上海,吳一峰,待考,书信,艺术创作,羅惇書聯：“素琴聲在時能聽，丹青妙處不可傳。樸存先生畫法宋元，集涪翁句志佩。辛酉春惇於三山簃寫記。”(1933年12月13日申報)...,10
1933,1933.12.14,上海,吳一峰,上海,活动,艺术创作,程嘯天題自作畫：“癸酉秋仲，擬梅道人意，時客楓溪，意欲一登梅花庵拜道人之墓，故來此耳。古歙嘯天程岳。”（12月14日申報）...,10
1933,1933.12.20,上海,吳一峰,上海,活动,艺术创作,張兆芬題畫：“細雨騎驢入劍門。辛未冬畫奉賓虹先生，張兆芬。”（1933年12月20日《申報》）...,10
1933,1933.12.30,杭州,吳一峰,待考,书信,艺术创作,12月30日至1933年元旦，杭州舉行新浙江建設運動，其中有書畫展覽會一項，作品陳列其中。...,10
1933,1933.12.30,上海,王一亭,杭州,书信,艺术创作,《新浙江建設運動  書畫展覽會集藝林之大觀△地點在杭州青年會  名家作品琳琅滿目》：“新浙江建設運動大會定今日起杭州開幕，會期凡三日，浙省建設廳長曾養甫、杭市長趙志游，特邀請滬上中西運動健兒赴杭競賽外...,10
1934,1934,上海,何香凝,上海,活动,艺术创作,春，與何香凝合作《梅石圖》。...,6
1934,1934,上海,劉作籌,待考,书信,艺术创作,與劉作籌書：“君量學兄雅鑒：頃晤蘇乾英兄，聆悉履祉安康，俱如心祝，忭甚慰甚。南旋碌碌，賤目近患内障，住院割治，數月之久，幸可雙目復明，尚在調攝中，稍遲或當照舊書畫寫稿。拙著《畫學篇》，蒙付刊寄贈南北文...,6
1934,1934,上海,劉海粟,上海,见面,艺术创作,劉海粟《黄賓虹詩集序》：“（前略）一九三五年九月十一日，幾位老友在我家小聚談藝，賓老對我説：‘我們組織了一個百川畫會。百川歸海，朋友們對你很器重啊！’我連忙答謝説：‘一粟難稱海，欣然匯百川。愧不敢當！...,10
1934,1934,上海,吳一峰,上海,见面,日常交流,林思進《清寂堂日記》：“廿五日，丁卯，陰寒。晨出城教華西（即華西大學）三時。以龍井茶、美國波羅蜜梨、鳳尾魚、風雞四事攜饋孟體廉，孟來面謝。約叔軒午後入城共飲。歸祀祖九殽、久三巡、飯一侑，禮畢，微饌即以...,10
1934,1934,樂山/峨眉,張善孖,蘇州,书信,艺术创作,林山腴《兩髯行-題張善孖、大千昆弟華山行卷即以留別》：“張髯兄弟畫苑奇，聲名崛起人海知。恣今練古入豪素，時人相許為濤溪。大髯畫虎虎氣出，風葉四舉百獸悕。近者一變學戴嵩，耳溼角千躈蹏。季髯駸駸驊騮度，元...,10
1934,1934,上海,林思進,成都,书信,艺术创作,林思進《酬黄賓虹遠惠畫扇，兼寄陸丹林》：“聞道賓虹叟，詩書畫並耽。高情聞弄筆，遠寄喜開函。懷袖清風入，林巒秀色含。誰通兩家驛，置我在江南。”...,10
1934,1934,上海,汪福熙,待考,书信,艺术创作,與汪福熙書：“劼修大世兄先生左右：頃以賤辰，辱荷惠賜墨寶撰聯，百朋之賜，無以過之，領謝領謝。潭祉興居，諸如心祝為忭。承屬同人畫幅已轉去，俟竣工當彙寄奉。弟近數年來，頗厭市囂，陽朔、雁蕩歸後，前年入蜀，...,6
1934,1934,上海,白蕉,上海,活动,日常交流,白蕉作《温菘地雞圖》相贈。...,10
1934,1934,上海,蔡守,上海,见面,鉴赏收藏,按：另詳1934年蔡守信與談月色《蜀游詩》跋。...,10
1934,1934,上海,許承堯,歙縣,书信,鉴赏收藏,與許承堯書：“芚公先生左右：惠書並賜序，感謝感謝。頃晤玉岑，得睹法書屏，華滋渾厚，純任自然，翁、劉未足擬也，敬佩無似。家鄉災荒相乘，古物益難保守，近已流入滬市者，有胡臯、雪莊立軸，汪胥原册，皆畫山水。...,10
1934,1934,上海,賀天健,上海,聘任,文化出版,11月，中國畫會主辦，賀天健、謝海燕主編之《國畫月刊》創刊，被聘為編輯，連載力作《畫法要恉》。...,10
1934,1934,上海,鄭午昌,上海,活动,艺术创作,自在《翦淞閣讀畫銷夏》：“翦淞閣主潘徵君老蘭（飛聲），詩文耆宿，江湖寓公，賣文作炊，世欽清潔，寓横浜橋畔十有餘年。昨因倭奴肆虐，移居滬西福履理路合羣坊，歐式小樓，至為優雅。昨邀藝友清譚，以銷永晝。黄賓...,10
1934,1934,上海,陳柱,無錫,书信,个人生活,與陳柱書：“柱尊先生：日昨匆匆叙話，未罄欲言。茲有友贈十餘年陳紹酒，已約潘蘭老來晤談，適有孫仲容乃郎孟晉來申，攜《□□年譜》待刻，希惠臨呂班路蒲石路口勝利飯店是荷（準明晚五時）。此候著綏。黄賓虹頓首。...,10
1934,1934,上海,陶冷月,上海,活动,日常交流,按：此圖為陶冷月是年冬日作，係依超山宋梅為藍本而作，為陶氏生平尺幅最大之作，晚年捐贈上海博物館。...,10
1934,1934,上海,馮子潛,上海,活动,日常交流,約此際，與馮子潛同飲於劉既明寓齋，席中馮子潛賦長句以贈，作詩答之。...,6
1934,1934.01.04,上海,陳柱,上海,见面,日常交流,《茹經紀念堂落成典禮》：“錫山唐蔚芝先生，為吾國當今大儒，經師人師，早已馳聲中外。今年為先生七十壽辰，於是其門弟子張其洤、胡端行、傅焕光等發起集資築茹經堂於太湖之寶界山。自去年（1934）一月二日舉行...,10
1934,1934.04.30,上海,吳一峰,待考,书信,社会革命,段虚谷《東方美術專科學校的回溯與前瞻》：“戰事雖然停止，但有無二次巷戰，在當時確實成了重大問題，而省城各校也提前放假。所以我們學校就在十一月二十七日，開第二次校務會議，議决在此非常時間，本校應與省城各...,10
1934,1934.05.29,上海,王一亭,上海,聘任,艺术教育,《上海美專舉辦暑期藝術教師進修講習會△聘定重要職員及講師》：“上海美術專科學校自民國九年開辦第一屆暑期學校以來，自是每年舉行，予各省市中小學校藝術教師進修之便利。該校為推行教育部實施藝術教育，並適應時...,10
1934,1934.06.10,上海,柳亞子,上海,书信,艺术创作,廣告：“慧天樓主俞寄凡書畫展覽會會場：西藏路寧波同鄉會。日期：六月九日至十一日。出品人：于右任、王師子、朱其石、朱蓉莊、朱天梵、江一南、汪亞塵、何香凝、吳青霞、汪仲山、柳亞子、馬企周、洪麗生、胡壽谷、...,10
1934,1934.07.17,上海,劉海粟,上海,书信,日常交流,“上海藝術家舉行盛大歡迎會”報導：“昨16日為陳氏個展第二日，雖在酷暑，來會參觀者仍絡繹不絶，午後尤爲擁擠。是日到會參觀者有蔡元培夫婦、高魯、錢新之、王景岐、經亨頤、何基鴻、徐悲鴻、易大厂、陸伯鴻等數...,10
1934,1934.08.17,上海,陳柱,上海,聘任,艺术教育,《陳柱尊教授太夫人在籍逝世》：“上海交通大學國文系主任陳柱尊，應廣西教育廳暑期講學班之聘，於七月二十四日與黄賓虹、馮振心（皆應聘赴廣西講學者）等乘輪南下，行至梧州，陳氏忽接家電，驚悉太夫人在籍逝世，遂...,10
1934,1934.09.11,上海,劉海粟,上海,活动,艺术创作,9月11日，與夏敬觀、謝公展、諸樂三等聚於劉海粟“海廬”寓所，扺掌論畫，並合作《松鷹圖》。...,10
1934,1934.10.04,上海,林思進,上海,见面,个人生活,10月4日，林思進來談。...,10
1934,1934.10.06,上海,柳亞子,上海,书信,艺术创作,報導：“百川書畫會第一屆書畫展覽會，自開幕以來，連日前往參觀者甚為踴躍，各作家出品如黄賓虹、王濟遠、汪聲遠、許徵白、胡友葛之山水，謝公展、諸樂三、諸聞韻、吳茀之之花卉，馬公愚、柳亞子之書法，余静芝、張...,10
1934,1934.10.07,上海,林思進,上海,见面,日常交流,10月7日，林思進偕李亞衡來訪於新居。...,10
1934,1934.10.09,蘇州,林思進,蘇州,活动,日常交流,10月9日，林思進將赴蘇州小住，與陸丹林在會賓樓餞行，同席有梁鴻志、高吹萬，及嶺南趙少昂、黄少彊（強）、陳荆鴻等。...,10
1934,1934.10.11,上海,林思進,上海,雅集,个人生活,10月11日下午六時，梁鴻志於寓所歡宴林思進，赴之。同席有湯定之、夏敬觀、龍榆生、黄公渚、陸丹林、李亞衡、盧冀野等。...,10
1934,1934.10.30,蘇州,張善孖,蘇州,雅集,艺术创作,10月30日甲戌九月廿三日，與葉恭綽、宣古愚赴蘇州遊覽園林，於惠蔭山莊觀賞菤葹閣藏畫，並與何亞農、王薳、朱竹坪、彭恭甫、張丹斧、張善孖在柴簃舉行雅集，合作《九秋圖》。...,10
1934,1934.11.02,上海,狄平子,待考,书信,艺术创作,《高奇峰先生逝世週年紀念會通告》：“高奇峰先生逝世周年紀念會通告當代畫學宗師高奇峰先生，行昭日月，學貫天人，曠代妙譽，有聞於列邦，致力革命，著勲於黨國，仁俠之風，震於一世，勤廉克己，尤莫與京，重以美育...,10
1934,1934.11.04,上海,林思進,上海,见面,日常交流,11月4日，林思進來訪。其自蘇州還蜀，經上海小作勾留。...,10
1934,1934.11.11,上海,林思進,上海,雅集,个人生活,11月11日上午，偕宋若嬰往訪林思進暨夫人，約午飲，林氏以長孫病辭。晚謝玉岑、陸丹林於陶樂春川菜館宴請林思進，約以作陪。...,10
1934,1934.11.12,上海,林思進,成都,书信,日常交流,11月12日。林思進來辭別，贈以錢大昕隸書小幅，以其尤愛錢大昕之作也。...,10
1934,1934.11.14,上海,林思進,上海,雅集,个人生活,11月14日，對林思進心儀已久之張善孖自蘇州來滬，堅約翌日宴請，約作陪。...,10
1934,1934.11.15,上海,林思進,上海,雅集,个人生活,11月15日午，赴陶樂春，就張善孖之公宴林思進，同座有楊滄白、梁鴻志、湯定之、夏敬觀、黄公渚、謝玉岑、陸丹林、張旭明等。...,10
1934,1934.11.17,上海,林思進,上海,活动,艺术创作,11月17日午，張善孖約衆畫家在陶樂春川菜館為林思進餞行，與會。...,10
1934,1934.11.20,上海,王一亭,上海,雅集,个人生活,11月20日夜，黄炎培假上海地方協會公宴，同座有湯定之、夏敬觀、顧蔭亭、劉海粟、王濟遠、王一亭等。...,10
1934,1934.11.22,上海,張善孖,上海,雅集,艺术创作,《張善孖宴请文艺界-兼為林山腴祖餞》：“名画家张善孖、大千兄弟昨游華山歸滬，又值四川诗人林山腴返蜀，特假座陶樂春菜馆宴请文艺界，到者有黄賓虹、顧巨六、许修直、符铁年、王师子、谢公展、陆丹林、郑午昌等三...,10
1934,1934.11.27,上海,王一亭,上海,书信,艺术创作,報導：“許士騏伉儷書畫展覽，日昨在八仙橋青年會開幕，滿室琳琅，目不暇接。其最精彩者，厥為《素羽》（林主席題字）、《醒獅》（王一亭、林森、黄賓虹、吳稚暉四氏題字）、《紫藤翠羽》、《白雲深處》、《驚失色》...,10
1934,1934.12.08,上海,葉恭綽,待考,书信,日常交流,報導：“是日靈堂在中國殯儀館，致送挽聯者計汪精衛、于右任、蔡孑民、葉恭綽等百餘人，並有祭文詩詞甚夥。是日到祭者有陳樹人伉儷、蔡孑民、葉恭綽、吳鐵城暨高君親友及藝術界同人。”（12月8日申報）...,10
1934,1934.12.11,上海,林思進,上海,见面,艺术创作,12月11日壬申十一月十四日，拜訪林思進，曾其途中所作詩畫及影印《米友堂詩》一册。...,10
1934,1934.12.14,上海,吳一峰,上海,雅集,日常交流,按：本年12月14日日記有林思進作《壬申十月，賓虹來成都，亂後始得相晤，長至日招同高弟吳一峰及方鶴叟、龔相農、李亞衡、培甫、祝屺懷、龐石帚、沈渻齋諸君子共飲，賓虹為作〈霜柑閣歲寒雅集圖〉以紀良會，百年...,10
1934,1934.12.21,上海,林思進,上海,雅集,日常交流,12月21日壬申十一月廿四日，林思進柬來約明日在其寓齋雅集。...,10
1934,1934.12.22,上海,吳一峰,上海,雅集,日常交流,12月22日壬申十一月廿五日，偕吳一峰赴林思進招飲，在座有李亞衡、培甫昆仲、龐石帚、祝屺懷、方鶴翁、沈渻齋等。以亂後不敢夜行，傍晚即散，允作《霜柑閣歲寒雅集圖》以紀此會。...,10
1934,1934.12.22,上海,王一亭,上海,书信,艺术创作,《美專名家書畫展》：“上海美專主辦名家書畫展開幕以來，已六日矣。連日觀者踵趾相接，當場抽籤領取作品者甚為踴躍，如張邦鐸抽去諸聞韻、王濟遠、劉抗合作《清供》，董生禧抽得汪聲遠、許徵白、諸聞韻合作《古木竹...,10
1934,1934.12.25,上海,林思進,上海,见面,日常交流,12月25日壬申十一月廿八日，林思進冒雨來訪，以《□澹集》《人物志》及劉申叔（師培）詩各一部相贈。適將外出赴約，小坐而別。...,10
1934,1934.12.29,上海,林思進,上海,见面,个人生活,12月29日壬申十二月初三日，訪林思進談心。...,10
1935,1935,上海,傅雷,杭州,书信,日常交流,傅雷與宋若嬰書：“黄太太：久未通函，因去冬不慎失足傷腿，卧床旬餘，前日得鄭軼甫君電話，悉賓翁胃病甚劇，聞之殊深焦慮，又以工作繁忙，未能到杭省視，益為悵悵。近日醫院治療經過如何？杭州主治醫生曾提及需要到...,10
1935,1935,上海,劉海粟,上海,书信,文化出版,《倫敦通訊-劉海粟致賀天健、午昌、賓虹》：“天健、午昌二兄如晤：久疏音訊，渴想殊殷。承賜《國畫月刊》，不勝感謝。時人流行語為藝術而藝術，似無如之何！藝術則不求甚解，而藝術自身之價值，又不求甚解。兄等負...,10
1935,1935,上海,吳鳴,待考,书信,艺术创作,與吳鳴書：“仲鳴先生道席：前荷手教，並惠賜匯款，如數收到，受之滋恧。賤目經醫治後，遠近配鏡，看山讀畫，均幸復原。惟軀感覺較前孱弱，云須静攝。北方繪畫研究組織，提高學識，進入社會古今民族精神。同人來杭邀...,6
1935,1935,上海,夏劍丞,上海,聘任,艺术教育,浙江省建設廳為籌辦東南交通周覽會向社會廣徵國畫、西畫、詩文、攝影作品，7月18、19兩日展覽作品並予頒獎，與夏劍丞被聘為評審國畫部分。...,10
1935,1935,重慶,林思進,成都,书信,艺术创作,8月上旬，自重慶致書林思進，並附近詩承教，又附兩畫轉贈龐石帚。...,10
1935,1935,上海,柳亞子,上海,书信,个人生活,王濟遠代表美專赴菲律賓舉行中國現代書畫展覽會歸國，16日在梅園宴請書畫界同人，與同人作圖壽同席柳亞子。...,10
1935,1935,上海,汪聰,待考,书信,艺术创作,與汪聰書：“春夏之間，僕住杭人民醫院，因目障將成熟，割治調理，經半載餘，今已讀畫看山，俱似復原。惟賤軀孱弱，尚未如前頑健。尊囑題件，愧不能佳。奉此，即候少文世先生台綏。惠梨謹謝。賓虹拜上。……賤眼近生...,6
1935,1935,成都,王一亭,上海,书信,艺术创作,報導：“中國畫會係全國畫家聯合發起，為發揚吾國固有藝術文化之惟一組織，經於二十二年秋呈准上海市教育局立案、南京教育部備案以來，對於會務之推進大為努力，除歷年來在國内外舉辦書畫展覽會，以引起國人對於吾國...,10
1935,1935,上海,蔡守,上海,见面,日常交流,蔡守《乙亥八月三日聞黄子賓虹抵香港，即趁廣九快車過訪未晤，宿碧山壺館不寐》：“猋輪塵逐暑如煎（是日秋陽如火），衰憊何堪此播簸（車中腹痛作嘔）。八口之家人兩地（内子與兒女分居九龍），三年未返病相纏（癸酉...,10
1935,1935,上海,許承堯,歙縣,书信,鉴赏收藏,存考：這件潤例錄自刻板印刷單件，鈐有朱尊一（貫成）所刻“黄賓公”朱白相間印。朱尊一刻“黄賓虹”朱白相間印所見有二方，一方署有“癸未”年款，此處所鈐之印未刻年款，無法確知所鈐年份的上限。這份潤例與193...,10
1935,1935,上海,賀天健,待考,书信,日常交流,賀天健《甲戌冬日過賓虹道丈書齋，見有生徒請業者甚多，口占一絶奉贈》：“南榮曝背意軒軒，問字人來不掩門。自得王微山水趣，蜀江萬里着吟痕。”...,10
1935,1935,上海,陳柱,上海,见面,艺术教育,《廣西講學會開學經過詳情——八月二日開始演講，四日各界歡迎講師，五日補行開學典禮》：“廣西講學會，定期於七月十五日在桂林開始講演一節，業志前報，嗣以屆時到者僅邱大年先生一人，其餘尚在途中，乃由教廳通電...,10
1935,1935,上海,顧飛,成都,书信,艺术创作,與顧飛書：“慕飛女弟大鑒：前閱映芬來函，聆悉學業精進，至慰。頃誦手書並所作詩，清華朗潤，中多畫意，忭甚忭甚。鄙人自去秋游蜀，屢經道途阻隔，於初冬甫到成都。此邦人士，崇尚國學，性喜書畫，詩人亦不少。氣候...,6
1935,1935.01.26,上海,潘飛聲,待考,书信,艺术创作,白公《温克剛書展印象記》：“余久聞嶺南温一如君耽心翰墨，於鐘鼎秦漢碑刻，暨晉唐以降諸家法帖靡不研精，每一摹寫，神采逼真，極為時賢稱贊。昨日值君與吳公虎君在貴州路湖社合開書畫展覽會，特往參觀，真覺滿壁琳...,10
1935,1935.02.19,南京,柳亞子,南京,聘任,艺术教育,《黄晦聞先生追悼會啟事》：“順德黄晦聞先生，以廿四（1935）年一月二十四日卒於北平，承學之士，罔不搤腕嘆息於高賢之委化，絶學之日希。同人辱在交期，深知志事，緬其早樹攘夷之崇論，晚昭却聘之高風，以為儒...,10
1935,1935.02.26,上海,蔣谷蓀,上海,雅集,个人生活,2月26日晚，倫敦中國藝展會籌委會以蔡元培、楊振聲名義，在四馬路杏花樓宴請私人收藏家，與蔣谷蓀、張葱玉、潘博山等三十餘人在邀宴之列。...,6
1935,1935.03.05,上海,鄭午昌,上海,聘任,艺术教育,《中國畫會創辦美術講座△十五日起在青年會舉行》：“中國畫會為闡揚中國固有藝術，以輔助復興民族文化運動起見，創辦美術講座。經聘定國內著名藝術家黄賓虹、張聿光、孫雪泥、錢瘦鐵、賀天健、丁念先、鄭午昌、施翀...,10
1935,1935.03.15,上海,鄭午昌,上海,聘任,艺术教育,報導：“中國畫會為闡揚中國固有藝術，以輔助復興民族文化運動起見，創辦美術講座，聘定黄賓虹、張聿光、孫雪泥、錢瘦鐵、賀天健、丁念先、鄭午昌、施翀鵬、江小鶼、李寶泉、謝海燕、陳小蝶、俞劍華等為講師，今晚第...,10
1935,1935.04.15,上海,王一亭,上海,书信,艺术创作,《巴黎中國畫展經過》：“中法大學駐法事務處對於巴黎中國畫展之經過，製成報告，頗爲詳盡，茲分志於下：中華民國十五年冬，徐悲鴻君携其作品一部，道過里昂，中法大學同人請其公開展覽，未允，僅陳列一室中，任人觀...,10
1935,1935.04.16,上海,張善孖,蘇州,书信,艺术创作,《黄山攝影海外展覽張善孖不日回國胡文虎捐款萬元》：“黄山攝影名作及書畫作品，上月15日由黄山建設委員會委員張善孖君携赴南洋，在星加坡展覽一週，統計觀衆在萬人以上。星埠報紙騰載其事，獲得極好之讚譽。當地...,10
1935,1935.07.10,上海,王一亭,上海,书信,艺术创作,《 各校消息·上海聾啞校》：“本埠老西門西林橫路上聾啞學校書畫會業於本月二、三兩日在青年會舉行。聞此次結果甚佳，所有售剩之書畫券，仍由主辦人張壽鏞氏分別封存。此次名畫如王一亭校董之《和靖放鶴》一幀，係...,10
1935,1935.08.31,廣州,蔡守,廣州,见面,艺术创作,8月31日乙亥八月初三日，蔡守聞訊從廣州趕至香港，宿張谷雛寓，翌日，同游沙田，聽講山水畫法秘訣，由張谷雛記錄整理成文曰《賓虹畫語錄》。...,10
1935,1935.09.21,上海,王一亭,上海,书信,艺术创作,報導：“我國政府自去年派劉海粟赴德展覽圖畫，宣揚東方藝術後，曾先後在柏林、漢堡、萊茵河諸城暨荷蘭之阿姆斯脫達姆、海牙等處，舉行盛大之中國畫展，皆獲得盛譽。今夏因瑞士政府及日内瓦市政府之邀請，劉氏復將全...,10
1935,1935.10.16,上海,劉海粟,上海,书信,艺术创作,《劉獅個展昨開幕》：“名畫家劉海粟之令姪劉獅君於十月十五日起，假環龍路十一號法國圖書館開個人展覽會，陳列東渡歸來傑作數十件，琳琅滿壁，美不勝收。第一日參觀者中外來賓三百餘人，日法新聞記者爭索劉氏近來傑...,10
1936,1936,北平,宋若嬰,南京,书信,鉴赏收藏,與宋若嬰書：“若嬰君鑒：自南京付郵一函，諒已收到。十八日早晨到北平，一路二等房艙，車價自南京至北平約五十餘元。現寓長安飯店，尚未覓到寓處，候有地點再行通訊。家中門戶早起照料，兒女不可任其出外，一切務習...,10
1936,1936,上海,狄平子,待考,书信,艺术创作,《市博物館各方贈送陳列品踴躍》：“市博物館自遷入新館辦公以來，工作非常緊張，各方送存陳列品更形踴躍。最近一週間，計有黄賓虹送存古瓷器、唐寫經及明清書畫等數十件，張叔馴送存漢漆器，胡汝鼎送存電機模型及各...,10
1936,1936,上海,胡韞玉,待考,书信,鉴赏收藏,37、胡韞玉，字樸安，安徽涇縣人。著名報人、“南社”成員，文字訓詁學家。與黄賓虹交遊近四十年。据胡選錄《南社叢選》（上海: 國學社， 1936年）文選卷十“濱虹文選”1924年序：“深於金石書畫之學，...,10
1936,1936,上海,蔡守,上海,见面,艺术创作,蔡守《臘八逢大寒》：“臘八逢大寒，山妻病不餐。用食七寶粥，温飽笑言歡。啣泥訪賓虹，出眎畫幅觀。老阜左筆拙，古色賦斕。歸來黑陽雲，冷雨打破冠。誰家細腰鼓，逐疫蘄平安。誰家合臘藥，我願乞一丸。遮莫山妻病，...,10
1936,1936,上海,許承堯,歙縣,书信,艺术创作,與許承堯書：“疑庵先生左右：前誦惠書，適往具區，致稽裁答復，歉甚歉甚。……近日為友人邀作鑒畫工役，每日須依銀行鐘點辦事，頗形勞碌。然因此得見無數宋元明清書畫，亦有唐以上者。每日以數十件計，約六個月尚難...,10
1936,1936,上海,陳柱,無錫,书信,日常交流,按：黎工佽，陳柱之女陳松英1936年爲撰《傳略》云：“黎耦齋先生，字耦齋，廣西寧明人。諒直負意氣。初擅墨菊，蕭踈雅澹，在白陽、克菴之間。及與黄賓虹、鄧芬、高劍父、張谷雛先生為友，時以道藝相砥礪，技大進...,10
1936,1936.01.01,上海,柳亞子,上海,见面,社会革命,《南社紀念會成立記》：“卅年來，在中國文壇上負無上光榮之南社，由陳巢南、高天梅、柳亞子三先生發起，正式成立於公元一九○九年十一月十三日（清宣統元年十月一日），當年即刊行南社叢刻第一集，嗣後至一九二十三...,10
1936,1936.01.09,上海,蔡守,上海,见面,艺术创作,1月9日，蔡守衝寒冒雨來訪，出古畫共相賞析。...,10
1936,1936.02.24,上海,王一亭,上海,活动,个人生活,《國際劇院主辦中國現代畫展》：“海上中西文藝家所組織之國際劇院，去年曾在上海大公元1936年民國二十五年丙子七十三歲光明劇院公演《王寳釧》一次，頗得社會稱譽。該院總幹事佛利士夫人，去年即收集名藝術家劉...,10
1936,1936.03.02,南京,蔡守,南京,雅集,社会革命,3月2日丁丑正月二十日，與張景遜（齋）、李卣匋伉儷，蔡守、談月色伉儷，張如願、李千里在蔡守南京寓所“寒月行窠”雅集，並合影，曰“南京寒月行窠南社社友高會圖”。...,10
1936,1936.03.22,上海,余紹宋,上海,见面,日常交流,3月22日，訪余紹宋，未遇。...,6
1936,1936.03.22,上海,劉海粟,上海,雅集,个人生活,報導：“二屆全國美展四月一日開幕，各方運到作品不下六千餘件，自十六日起開始審查，共到各地審查員五十餘人，連日從事審查，關防甚嚴。昨日教育部王部長在該部大禮堂歡宴全體審查員，並由次長段錫朋及審查委員會常...,10
1936,1936.04.01,上海,蔡守,廣州,书信,鉴赏收藏,4月1日鑒定故宫書畫後，薦蔡守接替書畫鑒定工作（蔡守致盧子樞書有云：“弟代賓虹鑒定故宫金石書畫，自誇眼福不薄，將來刊行鑒定書呈教。”見《不蠹齋友人書札》，政協東莞市文史資料委員會2002年版），不久黄...,10
1936,1936.04.21,上海,周肇祥,上海,见面,日常交流,4月21日，訪周肇祥、汪采白、趙太侔，均未遇。...,6
1936,1936.04.22,上海,汪慎生,上海,见面,日常交流,4月22日，訪汪慎生。...,6
1936,1936.04.23,上海,周肇祥,上海,见面,艺术创作,4月23日，下午至中山公園中國畫學研究會訪周肇祥。...,6
1936,1936.04.27,上海,吳迪生,上海,见面,日常交流,4月27日，訪吳迪生、汪采白。...,6
1936,1936.05.18,上海,許承堯,上海,见面,日常交流,5月18日，至中山公園訪周肇祥。得許承堯信。...,10
1936,1936.05.21,上海,羅復堪,上海,见面,日常交流,5月21日，訪羅復堪。...,6
1937,1937,上海,傅雷,上海,书信,艺术创作,與傅雷書：“ 怒庵先生大鑒：頃誦教言，過承獎借。領及畫潤，彌覺增慚。滇中山水，曾見商寶意所圖大理、點蒼山、十九峰、陸凉州、蔡家堡、爨龍顔立碑處諸勝，至今如在心目。琴從壯游，諒多著作，歸壓行囊，無任健羨...,10
1937,1937,南京,蔡守,南京,聘任,艺术教育,秋，蔡守、談月色夫婦受聘南京博物院。...,10
1937,1937,安徽/歙縣,許承堯,歙縣,书信,日常交流,與許承堯書：“芚公先生左右：頃頌手書，郵程沮滯經月餘矣。滄桑世事，王孟津譬之蠛蠓過太虛，惟古人手澤千百年如新，誠不朽業耳，此樂無極。漸師，僕近輯其軼事，知為歙南溪南人。得有數證：一、師號漸江，以水道循...,10
1937,1937,北平,陳柱,無錫,书信,鉴赏收藏,與陳柱書：“柱尊先生大鑒：昨日南旋，未遑修謁。瀕行晤張孟劬丈，（杜）門不出，云已歲餘。近漸秋爽，諒著書日富。回首去年勾漏、都嶠諸山，游跡所經，今未卜若何？念甚念甚。此候道綏。黄賓虹頓首。八月廿三日。”...,10
1937,1937,北平,顧飛,待考,书信,艺术创作,與顧飛書：“慕飛女弟鑒：兩誦來函，並眎詩畫，忻喜之至。詩前兩首更佳，首句易數字，未卜確否？酌之。畫筆宜‘平、留、圓、重、變’五字用功。能平而後能圓，能重而後能留，圓、重而後能變，於隨時加意之可也。至於...,6
1937,1937.01.30,上海,劉海粟,上海,聘任,艺术教育,《潘玉良任上海美专研究所主任》：“上海美專繪畫研究所本學期有擴展計劃，聘請潘玉良女士為主任，並由劉海粟、張弦、王遠勃、倪貽德、張澄江、劉抗、龐薰琹、王賢、黄賓虹、李健、謝公展、鄭午昌、汪聲遠、許徵白等...,10
1937,1937.02.10,上海,葉恭綽,上海,雅集,鉴赏收藏,2月10日晚，為博物館徵求陳列物品，上海市市長吳鐵城在私邸設宴招待名收藏家與學術耆宿。與葉恭綽、宣古愚等應邀參加。...,10
1937,1937.02.11,上海,王一亭,上海,雅集,鉴赏收藏,《吳市長昨宴請名收藏家  為博物館徵求陳列物品》：“市博物館新舍於去冬落成後，即成立籌備處於中華學藝社內，數月以來，漸有頭緒。前曾分向本外埠收藏家徵求陳列物品，已收到金石、陶器、甲骨、拓本等古器萬餘件...,10
1937,1937.06.12,北平,張善孖,蘇州,书信,艺术创作,《現代名人畫展》：“飛聲國畫函授學校定今日起至十四日止，假座西藏路寧波同鄉會舉行現代名人畫展會三天。參加出品者，計有吳湖帆、黄賓虹、程小青、陸一青（飛）、張善孖、張大千、吳待秋、顧墨畦等。（6月12日...,10
1937,1937.07.03,北平,賀天健,北平,雅集,个人生活,7月3日，賀天健來北平舉辦畫展，周肇祥宴請，約陪。...,10
1937,1937.07.07,北平,傅雷,北平,活动,日常交流,7月7日，作《青城山》圖册十二葉贈傅雷。...,10
1937,1937.08.22,上海,張孟劬,上海,见面,日常交流,8月22日返滬，瀕行晤張孟劬。...,6
1937,1937.09.25,上海,陳柱,無錫,书信,文化出版,9月25日，參加《學術世界》編譯社創辦週年紀念而在上海致美樓舉辦的招待宴會，蒞會者有陳柱、鄭師許、陳一百、陳千鈞以及文藝界、新聞界數十人。...,10
1937,1937.10.28,上海,王一亭,上海,书信,艺术创作,《中國畫會增添名作》：“中國畫會此次徵集南北中各地著名書畫家作品一千二百餘件，經該會委員會慎重精選八百點，在本市大新公司舉行展覽以來，連日盛況，為從來所未有，內容充實，出品新穎，且各作家均具有特徵，本...,10
1937,1937.10.31,安徽/歙縣,宋若嬰,待考,书信,个人生活,洪夫人在潭渡村病逝，享年六十九歲。10月31日噩耗傳來，當即準備返里，旋因積憂致病，遣宋若嬰率諸兒女返里料理後事，半月後又投入鑒定工作。...,10
1937,1937.12.08,北平,陳柱,無錫,书信,日常交流,12月8日，致書陳柱，以“僧漸江、程穆倩、鄭遺甦皆處時艱，抱其亮節清風，不為污俗所染”自勉。...,10
1938,1938,北平,張大千,北平,活动,鉴赏收藏,按：此圖爲張大千離北京時，題贈其婿蕭建初者。張大千題云：“建初仁弟寶之，爰持贈，時戊寅六月也。”蕭建初時爲古物陳列所國畫研究院學員。圖見中國嘉德2004年秋季拍賣圖録。...,10
1938,1938,北平,朱硯因,待考,书信,艺术创作,與朱硯因書：“硯英都講：上春得顧小姐默飛來函，因未悉渠寓址，無由函復，並南中諸親友近况亦難聞知，悵悵奚似！……北方婦女習畫多於江南，惟偏於院體，每以細整設色為工，至論筆墨，均少研究。歐美人莫不傾向東方...,6
1938,1938,北平,許承堯,歙縣,书信,日常交流,春，作《春明館看花圖》卷寄贈許承堯。...,10
1938,1938,上海,陳柱,無錫,书信,鉴赏收藏,與陳柱書：“柱尊先生大鑒：頃誦惠書，並大著詩跋，環回再四，欽佩莫宣。杜少陵、陸劍南之詩，當與庾開府同慨也。清初垢道人《會心吟》亦遭焚禁，古人身世，讀書者未免傷懷。所蘄善養天和，守尼山言遜之恉，五十學《...,10
1939,1939,上海,宣哲,上海,见面,艺术创作,宣哲題：“時賢重惲、王，而濱翁獨師荊、關。自元四家出，競尚南宗，唐宋古法漸亡矣，惟倪高士畫以性情中獨具之逸氣，運荊、關之法於腕底，其佳妙乃非它作家所有。賓翁少講經世之學，尤究心於農田水利。沈寐叟治皖，...,10
1939,1939,北平,張大千,蘇州,书信,日常交流,5月，張大千弟子李信伯游平，俞劍華作書介紹來訪。...,10
1939,1939,北平,柳亞子,北平,雅集,日常交流,按：本次雅集到會三十五人名單如下：柳亞子、朱少屏、龐檗子、俞劍華、陶神州、宋詒於、姚石子、高天梅、鍾愪庵、蔡笛怡、沈道非、華子翔、張彦成、周亮才、黄賓虹、胡樸安、陽惕生、鄭詠春、鄭佩宜、孫經笙、姜公勇...,10
1939,1939,安徽/歙縣,蘇乾英,待考,书信,艺术创作,與蘇乾英書：“乾英吾兄有道：頃誦手書，並得君量兄函，有約鄙人附伴台從同游星洲，擴所未見，欣幸無既。日内籌備旅行一切，倘獲如願，誠生平一大樂事。茲將君量兄介紹拙筆書畫大小共二十件，有乏上款者，可以酌量補...,6
1939,1939,安徽/歙縣,鄭午昌,待考,书信,艺术创作,林散之書：“賓虹夫子大人座右：敬維福體萬吉為頌。去年冬日連得二諭並書畫大小四五紙，跪讀之下，其喜如從天外飛來，蓋闊別十餘年，杳杳無從得消息，一旦得睹手教，其快慰爲何如！惟以事遠出，遲遲至今未能拜覆，罪...,10
1939,1939.10.26,歙縣,宋若嬰,上海,书信,日常交流,存考：黄映宇1994年10月致筆者長函有云：“先母宋若嬰是安徽無爲縣人，父親是個小工藝商，有兄弟四人，哥哥也是個做金銀器的手工藝人，家貧收入少。先母十多歲時拐賣給上海一個蘇州籍邵姓鴇母為乾女兒。192...,10
1941,1941,北平,朱硯因,待考,书信,艺术创作,與朱硯因書：“硯英都講有道：……入秋較凉，爲諸索筆墨者迫促，自朝至暮，無片刻之暇，默飛、冰清諸女弟亦未通訊，晤時希道念。高先生聞咯血已就痊，屢擬函候，忽忽又數月，友人來函知平安，至慰也。畫以多作多看為...,6
1941,1941,金華,段拭,待考,书信,艺术创作,與段拭書：“無染學兄鑒：前誦手翰，聆悉寒翁作古，不勝悲悼。月色夫人能畫能刻，將來熟人中得多張羅，作件度日，或可維持。鄙人目力日差，寫字尚可依行下筆，作畫已大不勝。惟近年自留舊作贈友好，三五年前寄存金華...,6
1941,1941,北平,蔡守,廣州,书信,日常交流,按：蔡守病况見蔡守庚辰三月廿一日致盧子樞書，書載《不蠹齋友人書札》。...,10
1942,1942,北平,朱硯英,待考,书信,个人生活,與朱硯英書：“近人多談新藝術。有言太陽光下無新物，皆是舊翻新，否則癡人說夢耳。自古至今，由新而舊，舊而又新，去舊换新，如衣食住皆然。不過除弊興利，仍是穿布吃米蓋茅屋做起，不能別尋新的。從來没有之物為新...,6
1942,1942,北平,顧飛,待考,书信,艺术创作,與顧飛書：“默飛女棣大鑒：頃誦手書並大作畫册閱悉，虛懷毅力，討論六法，以求精進，欣喜無量。近來我國畫家雖多，而研究實理，遠遜他邦，以自滿自足，輕心掉之，因乏進步。且見外邦作風之盛，輒思盡變我國舊有之法...,6
1943,1943,北平,吳載和,待考,书信,鉴赏收藏,與吳載和書：“仲坰先生大鑒：多日未通候，念甚。起居增勝，諒如心祝。得陳叔通君函，道及宣愚公作古，不勝傷感。聞其著述可由秦曼青君整理候刻，傳之不朽，亦可慰也。餘容續及。祗頌新綏。黄賓虹頓首。”...,6
1943,1943,北平,張大千,蘇州,书信,艺术创作,又：“手示及妙染十幀均已拜領，謹當分别代爲轉致無。厚貺兩幀，深厚茂密，直過宋元，似此妙筆，今已難睹。生年來課餘之暇，輒喜讀畫自遣，惟近來所好與前略異，大扺以似畫非畫爲尚，太似之畫，反覺没趣，因一覽而盡...,10
1943,1943,上海,石子先,待考,书信,文化出版,自题：“春雨鳴山渠，流雲度高木。蕭閑環堵中，圖書盈茆屋。適此林壑趣，頻忘城市俗。拂我膝上琴，再弄山水曲。憶曩游秦山，道經張堰，曾訪石子先生，懷舊樓藏書盈室，丹黄校勘，昕夕不勌，嘗寫為圖，以誌欽慕。今聞...,6
1943,1943,歙縣,許承堯,歙縣,书信,艺术创作,按：靖陶為曹熙宇（1904—1975）之字，號惆生，安徽歙縣人，為許承堯弟子，著有《看雲樓詩集》等。此際譜主還有一畫題贈，云：“吾鄉李檀園、吳塞翁，均以詩畫寄迹明湖，率擬其意。靖陶先生博粲。賓虹。”（...,10
1943,1943,北平,馬公愚,待考,书信,鉴赏收藏,傅雷書：“賓老先生賜鑒：……昨夜半會場佈置齊備，以寧波同鄉會臨時借與他人作善事，故直須夜間有空也。幸今日天晴，雖酷寒，觀者仍極盛。……今晨陳叔老、王秋老、秦曼老，下午李拔可、徐丹叟、王福庵、鄧春澍等均...,10
1943,1943.01.21,北平,傅雷,上海,书信,日常交流,1月21日癸未十二月廿六日，陳叔通見傅雷得譜主之《陽朔山水册》十二開，致書求索蜀中或陽朔山水小册。...,10
1943,1943.07.11,北平,葉恭綽,待考,书信,艺术创作,報導：“畫家陳隽甫及女畫家吳詠香均為黄賓虹、溥心畬得意弟子，同窗十年，去冬旅港結為伉儷，返抵故都，怡情書畫，風格益峻。頃應津市友人之邀，定於7月11日假天津永安飯店舉行夫婦合展三日，作品百餘件，除有長...,10
1943,1943.07.24,北平,傅雷,上海,书信,艺术创作,7月24日傅雷致書云“甚欲以溝通中西畫論為己責”，覆書暢論中西畫理之同異，並對油畫家取中國畫材料求變通之道的現象，預言必當影響畫理。...,10
1943,1943.12.06,北平,馬公愚,北平,雅集,个人生活,按：12月6日傅雷信有云：“昨（五日）午，遵囑假秦曼老家素席，邀宴王秋老、陳叔老、高吹老、姚石子、馬公愚、吳仲炯等，鄧秋老以不宜受風，故未到。”...,10
1944,1944,北平,許承堯,歙縣,书信,艺术创作,1月，應許承堯爲其子女家楫、家華寄舊日畫稿作臨習範本之請，選十二幀臨古畫稿贈之。...,10
1944,1944.12.22,上海,許承堯,北京,书信,艺术创作,按：許家華《跋黄賓虹手迹畫稿十二幀》云：“此册畫稿十二幅是黄賓虹大師1944年應先父許際唐公函求，自北京寄歙縣贈給我們學畫山水用的。”然該跋將其父信繫於癸未年，顯然自相矛盾。癸未（1943）黄賓虹八十...,10
1946,1946,上海,傅雷,上海,书信,鉴赏收藏,傅雷書：“賓虹老先生座右：頃奉手教，並大作三幀。連日梅雨傾盆三晝夜不止，而尊件遞到時，居然毫無損害，可見天地間瑰寶，冥冥中自有神靈呵護也。《擬古》一作，柔和蒼潤，尤得元人神髓。另幅有長題論唐宋人染雲煙...,10
1947,1947,上海,張善孖,蘇州,书信,艺术创作,俞劍華《懷黄賓虹先生》：“目下壽臻八十老畫家，在滬有姚虞琴、蕭厔泉二老，在平有齊白石、黄賓虹二老。余之識黄賓虹在二十年前，時民國十五年敝友王季歡辦王家印刷所於威海衛路張家花園附近，出版《鼎臠》美術週刊...,10
1947,1947,北平,張大千,北平,见面,日常交流,年初，張大千來平、津，擬携門人章巢甫等人重返敦煌，以病肺未果。在平與之相晤。...,10
1947,1947,北平,張虹,待考,书信,艺术创作,與張虹書：“谷雛道兄鑒：……計程安抵澳邸，可滌征塵，徐向海濱游息矣。屈留舊都，簡至歉，談經論畫，獲教良多，雲樹遥示，彌深馳系。承囑詢唐布畫，已向竹實催到無，托李德良君轉寄，諒日内可達到。……我輩以傳古...,6
1947,1947,北平,朱硯因,待考,书信,艺术创作,秋，致朱硯因書，提出中國畫不可不發揚民學的觀點。...,6
1947,1947,上海,江振華,待考,书信,鉴赏收藏,與江振華書：“松如親翁大鑒：昨誦手教，聆悉台駕旋自星洲，提携文化，組織學社，令嗣鍾羲姻兄，熱忱教育，俱多發達，無任忻慰。鄙人養疴北行，歷經患難，屢思南返，路途沮隔，遲遲不果。暇中振（整）理拙撰文稿，作...,6
1947,1947,上海,汪聰,待考,书信,艺术创作,與汪聰書：“孝文世講先生大鑒：疊誦手書，並荷惠款，恧感恧感。……承屬為拙畫《送米圖卷》，竣工奉上，‘送米圖’三字，待工書者作爲引首最佳。日内敝處整（理）書籍一切，準備南返，二十日後可抵申，容晤談是幸。...,6
1947,1947.05.18,北平,傅雷,北平,见面,艺术创作,5月18日，傅雷伉儷來平，數日觀畫談藝，並遣女兒、女婿等陪同遊覽故都。...,10
1947,1947.05.27,北平,傅雷,上海,书信,鉴赏收藏,按：黄賓虹姪女黄映芬嫁江振華子鍾羲故稱“親翁”。傅雷1947年、1948年夏兩度住廬山療養，1947年5月27日與黄賓虹書中有云：“令親徽寧小學江老先生日昨亦晤及，並出示先生舊製多幀，觀賞甚快。”同年...,10
1948,1948,上海,傅雷,上海,书信,艺术创作,與陸丹林書：“丹林先生大鑒：日前欣悉潭邸為公子成嘉禮，正擬作爲拙畫寄賀，適友人張谷雛君來此，竟日與敝寓接待書畫版本諸估，常以數十人，收購晉魏六朝唐宋敦煌發現名蹟不少。而拙畫雖未竣工，俱為來客席捲，不勝...,10
1948,1948,杭州,張海清,待考,书信,鉴赏收藏,與張海清書：“海清先生大鑒：暌隔數載，縻日不思。賁書遠來，無任馳系。藉悉履綦迪吉，德業俱致，逖聽之餘，無任忭慰。僕自去夏南旋，擬返黄山，道途阻滯，留住西泠。行篋書籍器物，大半散失不全，如華學源《文字系...,6
1948,1948,杭州,王伯敏,待考,书信,日常交流,按：見王伯敏致譜主書。...,6
1948,1948,杭州,白蕉,杭州,见面,个人生活,9月上旬，姚鵷雛、余空我、白蕉來訪談藝。...,10
1948,1948,杭州,陶冷月,杭州,见面,艺术创作,陶冷月《冷月畫識》手稿：“石浪滔天玉削成，潑來濃黛壓舟輕。無風新堿洲前渡，江上晴波一掌平。戊辰秋，賓虹黄先生自桂林回，曾寫《灕江山色圖》見贈，今歲戊子黄老常來風雨樓暢談，偶及二十年前舊事，余戲用没骨法...,10
1948,1948,杭州,陸抑非,待考,书信,鉴赏收藏,沙孟海題陸抑非書：“玄亭修禊圖跋。沙孟海原稿，癸酉榖雨陸抑非照錄。紹興馬先生避地西蜀，主講復理書院凡六載，日寇降，書院遷杭州。一九四九年乙丑二月，先生六十七歲生日，門生故舊依永和故事，為玄亭修禊之集。...,10
1948,1948.08.09,上海,白蕉,上海,雅集,艺术创作,施叔範《燈前》：“黄賓虹丈自舊京南飛，卜居湖上，過滬，巴林宴之藝社，招散木、空我、白蕉、唐雲、公愚及不佞等侍飲，一老揮毫，四坐斂息。黄山，丈有舊廬，以松雲荒亂，未可歸也。葛布衣寬野趣真，淵淵說古耳能新...,10
1948,1948.08.19,杭州,劉海粟,上海,书信,艺术创作,劉儉《舒國華與黄賓虹》：“偶在朋友處得一畫册，名為《省吾廬書畫集》，册内都爲名家手蹟，有馬一浮、雷震、于右任、沈尹默、張宗祥、劉海粟、馬叙倫、黄賓虹、愛新覺羅·溥儒等大作百餘幅之多。封面為書法家葉恭綽...,10
1948,1948.08.19,上海,陶冷月,待考,书信,日常交流,按：風雨樓為陶冷月先生齋名，與鄧實風雨樓同名，與黄賓虹滬上下榻處同在今之黄陂南路，相距僅咫尺之遥。又現存陸丹林此際致黄賓虹信三通，8月19日云“違晤多日，良念”，8月20日云“頃譚至歡”，8月26日云...,10
1948,1948.09.04,上海,張谷雛,北平,书信,艺术创作,9月4日，接獲張虹8月22日信後在滬發致張谷雛信，稱上海索畫者衆，在滬尚有“旬日勾留”。張氏回信有云在北平時聞緖論，如同參活字訣。...,6
1949,1949,北平,張大千,蘇州,书信,艺术创作,按：《北平日報》上刊有《琳瑯滿目的、美不勝收的畫學會畫展》、《國畫論戰餘音未盡，稷園舉行盛大展覽》、《國畫論戰聲中，名家畫展揭幕》數篇報導，都是關於這次畫展的，展覽會展出一周，張大千一幅《青城紅葉》標...,10
1949,1949,上海,許士騏,北平,书信,日常交流,陳中凡書：“賓虹道長先生左右：客冬奉教，距今已十閱月矣。杭州解放後，未識台從設硯何許，時深結念。凡六月杪有北平之行，八月初復出渝關，東至瀋陽、鞍山、撫順，南下大連、旅順、北極、長春、哈爾濱，遥瞻黑水、...,6
1949,1949,杭州,陳伯衡,杭州,见面,艺术创作,雜記：“元旦，嚴生招往民衆館觀畫展，沈鍊字、撝叔聯極佳。過訪陳伯衡君，未晤，見乃弟，少坐，室内玉造像為‘仰□（偶忘）三年’。又偕章松兄訪高繹枝，見陶瓷，均古雅。”...,6
1949,1949.01.04,杭州,薛式愙,杭州,见面,个人生活,《夏承燾集·天風閣學詞日記》1月4日條：“晴，大冷，見冰。午後過中正中學訪薛式愙，同詣黄賓老，聽談游四川為楊森所嬲事，名之累人爲此。”...,6
1949,1949.04.17,上海,陶冷月,待考,书信,日常交流,《上海市美術館籌備處第一屆春季美術展覽會》：“地點：南昌路（環龍路）四十七號法文協會。日期四月十五日起至二十三日止。參加作家：丁秉敬、刁石麟、于逸、王琿、王俊琪、王植波、王個簃、王師子、王廷玨、王曼伯...,10
1950,1950,上海,曾香亭,待考,书信,个人生活,與曾香亭書：“前數十年（原註：四十年上），歐友諦部儷其夫人（原註：英水彩畫家名手之女）嗜中國古畫，第一次世界大戰事返德，曾住申西摩路（今陝西北路），往來談論甚快。又柯士醫生以商務印書館張菊老（元濟）作...,6
1950,1950,杭州,王伯敏,待考,书信,日常交流,按：見王伯敏致譜主書。...,6
1950,1950,杭州,龍榆生,待考,书信,日常交流,與龍榆生：“榆生先生著席：展誦手教，謙益有加。藉聆籑述閎深，履綦清暢，景仰丰暉，無任馳系。前年暑中南返，擬為江浙歸臥黃山，時值舟車罕通，淹留六橋三竺之間，山水友朋，頗不寂寞。暇中稍稍董理北游零拾，爛銅...,6
1950,1950.01.18,杭州,夏承燾,待考,书信,个人生活,1月18日，熊十力來書。與夏承燾談友人于右任、吳趼人軼事。...,6
1950,1950.01.29,杭州,夏承燾,杭州,见面,艺术创作,1月29日，與夏承燾談藝，謂“中國畫法與一切學問相通，在放而能收，有含蓄不盡之意，此與西洋畫不同，所以有世界藝術價值”。...,6
1950,1950.03.06,杭州,夏承燾,杭州,见面,艺术创作,3月6日，與夏承燾談學畫經歷，强調先蘸飽濃墨後蘸水乃為求筆蒼墨潤之正道。...,6
1951,1951,杭州,傅雷,上海,书信,文化出版,傅雷書：“賓虹老先生道席：年餘未通音問，伏維起居佳勝為頌。裘君柱常談及尊址已遷離棲霞嶺，但也未知新居所在。又昨得國光印書局電話，謂鄧秋老已於本月十四日謝世，囑為轉達左右。老成凋謝，良可悼念。晚蟄居不出...,10
1951,1951,杭州,劉貞晦,待考,书信,艺术创作,夏承燾與劉貞晦書：“貞晦先生賜鑒：前日過賓虹翁棲霞嶺寓廬，謂前曾託某女士携奉山水一幀為先生壽，其人迂道山東往温，不知到否？賓老出新寫集古文聯見示，晚因再求一聯，茲交便人奉上。賓老仍老健健談，甚佩先生畫...,6
1951,1951,杭州,吳鳴,北京,书信,艺术创作,與吳鳴書：“仲鳴先生道席：前荷手書，屬為拙筆渴墨山水蟲鳥諸作，正待完工彙寄，因北京特約國會，敦促於月之十三離杭北行，將有數旬逗留，即行返杭，奉繳畫件。命寄攝照附函，塵容俗狀可笑。祗候台綏。賓虹拜上。十...,6
1951,1951,上海,張虹,待考,书信,艺术创作,與張虹書：“谷雛先生道席：去年接居素、均量兩兄來函，聆悉文從在港展覽古今名畫，以為不久回澳門，疊奉音候，未蒙答復，至為懸系，兹得手書，玉體調攝復元，忭慰無既。大作詩情文斐，琅琅可誦，益為稱快。鄙人南返...,6
1951,1951.10.23,杭州,毛澤東,杭州,见面,个人生活,10月23日，中國人民政治協商會議第一屆全國委員會第三次會議在北京召開，以社會人士身份列席會議。為參加會議代表最年長者，與毛澤東主席和周恩來總理親切交談。...,6
1952,1952,上海,傅雷,上海,见面,日常交流,在北京為時一月，與陳銘樞同居一室，得與在北京老友李濟深、陳叔通、何香凝，以及卞孝萱等相見，廠肆舊友亦奔走相告。道經上海時，訪傅雷。...,10
1952,1952,杭州,朱硯英,待考,书信,艺术创作,初春，函邀朱硯英來杭小住，觀古畫，談畫理，由朱硯英筆錄成文，題為《虹廬畫談》。...,6
1952,1952,上海,王鵬運,上海,聘任,艺术教育,按：彊村，朱祖謀（1857—1931）之號，浙江歸安（今吳興）人。與王鵬運、況周頤、鄭文焯有清末四大詞家之稱。王病山（1861—1933），名乃徵，字聘三，民國時鬻字滬上。...,10
1952,1952.09.23,杭州,傅雷,上海,书信,日常交流,138、 夏承燾5月間曾勸他“耽舊不可拒新”，似乎未解其心病。9月23日，傅雷來函告知近况，稱其“蟄居不出，仍藉譯書糊口，生性頑劣，未能與世沉浮，視舊日同 學如龐薰琹（1906-1985）輩，深媿落伍...,10
1952,1952.12.04,杭州,夏承燾,杭州,见面,艺术创作,12月4日，与夏承燾談畫家軼事。...,6
1953,1953,杭州,李壺父,待考,书信,鉴赏收藏,又：“樸存先生鑒：疊上數函，未得裁復，至盼至盼。弟在星州處印石前後共四十六方，望足下代催，速其治就，准交王君衍帶回爲幸。黄少牧與李壺父云與足下相見甚歡，但此人有文無行，（尚祈）留心處之爲幸。弟守頓首。...,6
1953,1953,杭州,蔡守,杭州,见面,日常交流,此際，蔡守介紹王秋湄造訪。並與黄少牧、李尹桑相晤。...,10
1953,1953,杭州,陳柱,杭州,见面,日常交流,陳松英《黄賓虹先生》：“家大人（按：陳柱尊）嘗謂民元二之間，已識先生於海上，時家大人肄業南洋公學，即今之交通大學也。其時家大人年方二十左右，先生年長家大人以倍，然家大人至先生家，蒙享以大麹之酒。先生又...,10
1953,1953.07.05,上海,柳亞子,上海,见面,文化出版,附記：披覽此文清樣時，恰遠方友人郵來其餘《太平洋報》副刊，雖不免殘缺，還是找到了文美會的歸宿。7月5日“文藝消息”欄報導國學商兌會6月30日成立大會，議定數事，其一便是“滬上文美會併入本會”。國學商兌...,10
1954,1954,上海,傅雷,上海,书信,艺术创作,與傅雷書：“怒庵先生文席：日昨大駕惠臨，諸多暬猥，蒙賢伉儷垂青，伴宴湖樓，兼荷厚貺，感恧無已。頃誦教言，欣悉安抵申江，復饒清興。評騭舊畫，卓識高超。吳門四家，前三百年論者已謂文沈易得，唐仇難求，敝篋所...,10
1954,1954,杭州,張仃,杭州,见面,艺术创作,夏，李可染與張仃、羅銘到江南寫生，在杭州常來造訪，出示古畫供鑒賞，作畫稿示筆墨法，並撰贈言。...,6
1954,1954,上海,曾香亭,待考,书信,艺术创作,與曾香亭書：“頃得手書，並大作畫，祗悉一切。段無染久未通訊，不詳住址。鄙人年來因患内障，看山讀畫，甚感痛苦。近住杭人民醫院年餘，經西法治愈。前月抵申配光購鏡，新舊友好及諸同志晤談，索拙畫稿製版觀摩遐邇...,6
1954,1954,上海,陸丹林,待考,书信,鉴赏收藏,與陸丹林：“丹林先生鑒：前誦手教，適因賤目醫戒割治後須經調護中，未配有鏡，不能握管，近向申江驗光，一千度上方合用，稍稍看書寫字，囑作鈔胥，未能應命，至歉。醫生爲杭市人民醫院眼科俞德保醫士，手續（術）高...,6
1954,1954.09.20,杭州,傅雷,杭州,见面,艺术创作,9月20日下午舉辦座談，傅雷作學術發言，謂“西畫與中畫，近代已發展到同一條路上”。...,10
1954,1954.09.21,杭州,劉海粟,上海,书信,艺术创作,《傅雷家書》9月21日：“華東美協為黄賓虹辦了一個個人展覽會，昨日下午舉行開幕式，兼帶座談。我去了，畫是非常好。一百多件近作，雖然色調濃黑，但是渾厚深沉得很，而且好些作品遠看很細緻，近看則筆頭仍很粗。...,10
1954,1954.11.09,杭州,傅雷,杭州,见面,艺术创作,11月9日，傅雷伉儷游杭州，訪於湖畔，盤桓兩日，觀覽藏畫，暢談畫理。...,10
1954,1954.12.10,杭州,錢瘦鐵,杭州,见面,日常交流,12月10日，吳青霞與錢瘦鐵、唐雲來訪。...,6
1954,1954.12.20,杭州,傅雷,上海,书信,艺术创作,12月20日，致書傅雷論畫。...,10
1955,1955,上海,鄭軼甫,待考,书信,艺术创作,與鄭軼甫書：“軼甫先生大鑒：頃誦手書，並示陳若木畫册，及肖形銅押收到，家屬傳觀，喜幸之至，感荷感荷。若木畫價未詳，將來遇有精品雙鈎花卉，希代留意。肖形押從前滬市頗常見，其中新翻砂者尤多，有山東、洛陽偽...,6
